ModelName,$\hat{S}_{x}$,$\hat{S}_{y}$,$\hat{S}_{z}$,"$\hat{S}_{y,z}$","$\hat{S}_{x,y}$","$\hat{S}_{x,y,z}$","$\hat{S}_{x,y,z}\hat{A}_{z}$","$\hat{S}_{x,y,z}\hat{A}_{y}$","$\hat{S}_{x,y,z}\hat{A}_{x}$","$\hat{S}_{x,y,z}\hat{A}_{y,z}$","$\hat{S}_{x,y,z}\hat{A}_{x,z}$","$\hat{S}_{x,y,z}\hat{A}_{x,y,z}$","$\hat{S}_{x,y,z}\hat{A}_{x,y,z}\hat{T}_{yz}$","$\hat{S}_{x,y,z}\hat{A}_{x,y,z}\hat{T}_{xy}$","$\hat{S}_{x,y,z}\hat{A}_{x,y,z}\hat{T}_{xz}$","$\hat{S}_{x,y,z}\hat{A}_{x,y,z}\hat{T}_{xz,yz}$","$\hat{S}_{x,y,z}\hat{A}_{x,y,z}\hat{T}_{xy,xz}$","$\hat{S}_{x,y,z}\hat{A}_{x,y,z}\hat{T}_{xy,xz,yz}$","$\hat{S}_{x,y,z}\hat{A}_{x,y,z}\hat{T}_{xy,yz}$","$\hat{S}_{x,z}$","$\hat{S}_{x,y,z}\hat{A}_{x,y}$"
$\hat{S}_{x}$,,9.99999999999999e-161,9.99999999999999e-161,,,,,,,,,,,,,,,,,,
$\hat{S}_{y}$,1.0000000000000008e+160,,2.471679684412816e+43,2.4065240490559883e-119,,,,,,,,,,,,,,,,,
$\hat{S}_{z}$,1.0000000000000008e+160,4.0458316921335415e-44,,,,,,,,,,,,,,,,,,,
"$\hat{S}_{y,z}$",,4.155370898505136e+118,,,2.3480892970391946e+105,1177.3213528447984,,,,,3.149174965131544e-08,,,,,144390638045.39786,,,,,
"$\hat{S}_{x,y}$",,,,4.258781815755228e-106,,,,,,,,,,,,,,,,,
"$\hat{S}_{x,y,z}$",,,,0.0008493857667523553,,,7.733955589997236e-68,,,,,,,,,,,,,,
"$\hat{S}_{x,y,z}\hat{A}_{z}$",,,,,,1.2929994080821418e+67,,1.140887958613799e+28,1.5633586974559955e+45,,6.2051065281446625e-15,,,,,,,,,,
"$\hat{S}_{x,y,z}\hat{A}_{y}$",,,,,,,8.765102589171152e-29,,0.005203099968414349,,,,,,,,,,,,
"$\hat{S}_{x,y,z}\hat{A}_{x}$",,,,,,,6.396484707107002e-46,192.19311680931457,,,,,,,,,,,,,
"$\hat{S}_{x,y,z}\hat{A}_{y,z}$",,,,,,,,,,,9.056816719107164e-30,,,,,,,,,,
"$\hat{S}_{x,y,z}\hat{A}_{x,z}$",,,,31754348.71267081,,,161157587781011.34,,,1.1041407052991369e+29,,881959124.0518527,,,,3.2856652584296976e+23,,,,,
"$\hat{S}_{x,y,z}\hat{A}_{x,y,z}$",,,,,,,,,,,1.1338393954198806e-09,,,,55116.632666191435,,,,,,
"$\hat{S}_{x,y,z}\hat{A}_{x,y,z}\hat{T}_{yz}$",,,,,,,,,,,,,,9.973024731662815e-09,9.450661180843844e-05,,,,,,
"$\hat{S}_{x,y,z}\hat{A}_{x,y,z}\hat{T}_{xy}$",,,,,,,,,,,,,100270482.31667912,,0.7748616648939325,,,,,,
"$\hat{S}_{x,y,z}\hat{A}_{x,y,z}\hat{T}_{xz}$",,,,,,,,,,,,1.814334351767104e-05,10581.270250455753,1.2905529403585678,,3.826580452342713e-09,,,,,
"$\hat{S}_{x,y,z}\hat{A}_{x,y,z}\hat{T}_{xz,yz}$",,,,6.92565677066674e-12,,,,,,,3.0435236743438837e-24,,,,261329929.54264918,,1987487175700.012,1.7785309843116911e+21,,,
"$\hat{S}_{x,y,z}\hat{A}_{x,y,z}\hat{T}_{xy,xz}$",,,,,,,,,,,,,,,,5.031479006388009e-13,,,,,
"$\hat{S}_{x,y,z}\hat{A}_{x,y,z}\hat{T}_{xy,xz,yz}$",,,,,,,,,,,,,,,,5.622617816731541e-22,,,,,
$\hat{S}_{x}$,,9.999999999999992e-161,9.999999999999992e-161,,,,,,,,,,,,,,,,,,
$\hat{S}_{y}$,1.0000000000000006e+160,,3.310693583072027e+66,,1.7244390868180107e-94,,,,,,,,,,,,,,,,
$\hat{S}_{z}$,1.0000000000000006e+160,3.020515112341172e-67,,,,,,,,,,,,,,,,,,,
"$\hat{S}_{x,y}$",,5.798987088869756e+93,,4.083698266579046e+22,,10650626763981.592,2.437861121759583e-69,,,,,,3.9662411511282085e-50,,,,,5.21315147795266e-40,,,
"$\hat{S}_{y,z}$",,,,,2.4487607426434802e-23,,,,,,,,,,,,,,,,
"$\hat{S}_{x,y,z}$",,,,,9.389118801738608e-14,,4.18835340903055e-65,,,,,,,,,,,,,,
"$\hat{S}_{x,y,z}\hat{A}_{y}$",,,,,,,6.1743414383990384e-27,,5.295282148967219e+20,,,,,,,,,,,,
"$\hat{S}_{x,y,z}\hat{A}_{x}$",,,,,,,5.50870876136254e-31,1.8884734974793325e-21,,,,,,,,,,,,,
"$\hat{S}_{x,y,z}\hat{A}_{z}$",,,,,4.101956387401703e+68,2.3875731160696475e+64,,1.6196059287892128e+26,1.8153074401280512e+30,,7472825854109.673,,2.461323904695339e+18,,,,,1.5541326381288086e+23,,,
"$\hat{S}_{x,y,z}\hat{A}_{y,z}$",,,,,,,,,,,0.08208161424607821,,,,,,,,,,
"$\hat{S}_{x,y,z}\hat{A}_{x,z}$",,,,,,,1.3381818598784169e-13,,,12.182996267617614,,2.757737505919905e+26,,,,,,,,,
"$\hat{S}_{x,y,z}\hat{A}_{x,y,z}$",,,,,,,,,,,3.6261609303037255e-27,,1.4370090109992331e-16,,,,,,,,
"$\hat{S}_{x,y,z}\hat{A}_{x,y,z}\hat{T}_{xy}$",,,,,,,,,,,,,6.943309855189035e-12,,907533946.9275645,,,,,,
"$\hat{S}_{x,y,z}\hat{A}_{x,y,z}\hat{T}_{yz}$",,,,,2.521278868067684e+49,,4.062854133470009e-19,,,,,6958898603597787.0,,144023530687.26392,15190429353.123053,,,4.668476625412471e+23,3.84441740749103e+19,,
"$\hat{S}_{x,y,z}\hat{A}_{x,y,z}\hat{T}_{xz}$",,,,,,,,,,,,,6.583092398204048e-11,1.1018871562716494e-09,,,,,,,
"$\hat{S}_{x,y,z}\hat{A}_{x,y,z}\hat{T}_{xy,yz}$",,,,,,,,,,,,,2.601174362730364e-20,,,1534.7624751449844,,92632.91985037114,,,
"$\hat{S}_{x,y,z}\hat{A}_{x,y,z}\hat{T}_{xz,yz}$",,,,,,,,,,,,,,,,,,,0.0006515666210209713,,
"$\hat{S}_{x,y,z}\hat{A}_{x,y,z}\hat{T}_{xy,xz,yz}$",,,,,1.918225480746487e+39,,6.434457236571585e-24,,,,,,2.142026361568529e-24,,,,,,1.0795298276414997e-05,,
$\hat{S}_{x}$,,9.999999999999997e-161,9.999999999999997e-161,,,,,,,,,,,,,,,,,,
$\hat{S}_{y}$,1.0000000000000003e+160,,2.0200903679034008e-29,,,,,,,,,,,,,,,,,,
$\hat{S}_{z}$,1.0000000000000003e+160,4.950273591165497e+28,,,,,,,,,,,,,,,,,,1.821037963950712e-93,
"$\hat{S}_{x,z}$",,,5.491373709917153e+92,5.979535752364933e+36,,1.5607671456491604e-06,,,,,,,,,,,,,,,
"$\hat{S}_{y,z}$",,,,,,,,,,,,,,,,,,,,1.6723706344668907e-37,
"$\hat{S}_{x,y,z}$",,,,,,,4.275501693100656e-16,,,,,,,,,,,,,640710.5651779184,
"$\hat{S}_{x,y,z}\hat{A}_{z}$",,,,,,2338906803881500.5,,9.018993266444324e+47,1.694471295178658e+48,,2.5600911622807227e-14,,,,,,,,,,
"$\hat{S}_{x,y,z}\hat{A}_{y}$",,,,,,,1.108771201460541e-48,,9.576112766188322e-31,,,,,,,,,,,,
"$\hat{S}_{x,y,z}\hat{A}_{x}$",,,,,,,5.901545826390433e-49,1.0442650628873497e+30,,,,,,,,,,,,,
"$\hat{S}_{x,y,z}\hat{A}_{y,z}$",,,,,,,,,,,0.0003018086214905872,,,,,,,,,,
"$\hat{S}_{x,y,z}\hat{A}_{x,z}$",,,,,,,39061109023521.04,,,3313.357965260075,,1648812022744547.2,,,,6.186087300722051e+29,,,,,
"$\hat{S}_{x,y,z}\hat{A}_{x,y,z}$",,,,,,,,,,,6.064972757388313e-16,,3.610191624788712e+23,,,,,,,,
"$\hat{S}_{x,y,z}\hat{A}_{x,y,z}\hat{T}_{yz}$",,,,,,,,,,,,2.769936069691384e-24,,1.428273345142855e+19,4349286821.215756,6.643768471583243e-05,,,,,
"$\hat{S}_{x,y,z}\hat{A}_{x,y,z}\hat{T}_{xz}$",,,,,,,,,,,,,2.299227531102375e-10,2781016543282.1885,,,,,,,
"$\hat{S}_{x,y,z}\hat{A}_{x,y,z}\hat{T}_{xy}$",,,,,,,,,,,,,7.001460913631911e-20,,3.595807448235415e-13,,,,,,
"$\hat{S}_{x,y,z}\hat{A}_{x,y,z}\hat{T}_{xz,yz}$",,,,,,,,,,,1.6165306944234012e-30,,15051.698509320495,,,,,8.098805651536287e+19,23654093349663.066,,
"$\hat{S}_{x,y,z}\hat{A}_{x,y,z}\hat{T}_{xy,yz}$",,,,,,,,,,,,,,,,4.2275980956769345e-14,,,,,
"$\hat{S}_{x,y,z}\hat{A}_{x,y,z}\hat{T}_{xy,xz,yz}$",,,,,,,,,,,,,,,,1.2347499656450048e-20,,,,,
$\hat{S}_{x}$,,1e-160,1e-160,,,,,,,,,,,,,,,,,,
$\hat{S}_{y}$,1e+160,,1e-160,,,,,,,,,,,,,,,,,,
$\hat{S}_{z}$,1e+160,1e+160,,,,,,,,,,,,,,,,,,1e-160,
"$\hat{S}_{x,z}$",,,1e+160,2.233055049722817e+25,,3.9890266705937605e+41,,7.950319517022026e-16,,,,3.1759991310168135e-21,,,,,,,,,
"$\hat{S}_{y,z}$",,,,,,,,,,,,,,,,,,,,4.478169940880442e-26,
"$\hat{S}_{x,y,z}$",,,,,,,,5.553829907254455e-69,,,,,,,,,,,,2.506877197316787e-42,
"$\hat{S}_{x,y,z}\hat{A}_{x}$",,,,,,,2.57007357172249e-56,5.1541032494162963e-42,,,,,,,,,,,,,
"$\hat{S}_{x,y,z}\hat{A}_{y}$",,,,,,1.8005592837724331e+68,59107834343.351585,,1.9402017220226434e+41,,,7.558053352903003,,,,,,,,1257811082760825.8,3.121462814627508e+26
"$\hat{S}_{x,y,z}\hat{A}_{z}$",,,,,,,,1.6918231078998742e-11,3.8909391972378034e+55,,,,,,,,,,,,
"$\hat{S}_{x,y,z}\hat{A}_{y,z}$",,,,,,,,,,,,,,,,,,,,,2.0649582111362668e-05
"$\hat{S}_{x,y,z}\hat{A}_{x,y}$",,,,,,,,3.2036261822947024e-27,,48427.13012820432,,29.368251388707208,,,,,,,,,
"$\hat{S}_{x,y,z}\hat{A}_{x,y,z}$",,,,,,,,0.13230920096851473,,,,,,401030129.0356081,,,,,,3.1486154710623126e+20,0.03405037592345467
"$\hat{S}_{x,y,z}\hat{A}_{x,y,z}\hat{T}_{yz}$",,,,,,,,,,,,,,9.280079284945518e-31,8453.480978419811,,,,,,
"$\hat{S}_{x,y,z}\hat{A}_{x,y,z}\hat{T}_{xz}$",,,,,,,,,,,,,0.00011829446384901283,1.153818970181651e-23,,,,,,,
"$\hat{S}_{x,y,z}\hat{A}_{x,y,z}\hat{T}_{xy}$",,,,,,,,,,,,2.493578231652536e-09,1.0775770004704985e+30,,8.66687085100157e+22,,,,688081479748.3412,,
"$\hat{S}_{x,y,z}\hat{A}_{x,y,z}\hat{T}_{xy,yz}$",,,,,,,,,,,,,,1.4533162560424382e-12,,,1521356.3163307451,381068535.0666641,,,
"$\hat{S}_{x,y,z}\hat{A}_{x,y,z}\hat{T}_{xy,xz}$",,,,,,,,,,,,,,,,,,,6.573082119327781e-07,,
"$\hat{S}_{x,y,z}\hat{A}_{x,y,z}\hat{T}_{xy,xz,yz}$",,,,,,,,,,,,,,,,,,,2.624199869519692e-09,,
$\hat{S}_{x}$,,1e-160,1e-160,,,,,,,,,,,,,,,,,,
$\hat{S}_{y}$,1e+160,,7.597217998581246,3.5257743804695745e-138,,,,,,,,,,,,,,,,,
$\hat{S}_{z}$,1e+160,0.13162712985026184,,,,,,,,,,,,,,,,,,,
"$\hat{S}_{x,y}$",,,,2.0433647635963897e-48,,,,,,,,,,,,,,,,,
"$\hat{S}_{y,z}$",,2.836256357012886e+137,,,4.89388883382704e+47,5743687635471112.0,,,,2.833970616891822e-77,,,,,,,,,5.022901184408081e-50,,
"$\hat{S}_{x,y,z}$",,,,1.7410417548202505e-16,,,,3.617742558542496e-23,,,,,,,,,,,,,
"$\hat{S}_{x,y,z}\hat{A}_{z}$",,,,,,,,0.001673556451368677,1.0592186557383785e+45,,,,,,,,,,,,
"$\hat{S}_{x,y,z}\hat{A}_{y}$",,,,,,2.7641546733023387e+22,597.5298886285997,,1.1445257098809648e+17,2.0408494819552482e-20,,,,,,,,,,,
"$\hat{S}_{x,y,z}\hat{A}_{x}$",,,,,,,9.440921329910892e-46,8.737243657934114e-18,,,,,,,,,,,,,
"$\hat{S}_{x,y,z}\hat{A}_{y,z}$",,,,3.528618095189559e+76,,,,4.899920395118722e+19,,,,5.209272333612712e+30,,,,,,,5.762296760420681e+18,,7665.060469767781
"$\hat{S}_{x,y,z}\hat{A}_{x,y}$",,,,,,,,,,0.00013046211493623035,,,,,,,,,,,
"$\hat{S}_{x,y,z}\hat{A}_{x,y,z}$",,,,,,,,,,1.9196539093330227e-31,,,,400415.4911780309,,,,,,,
"$\hat{S}_{x,y,z}\hat{A}_{x,y,z}\hat{T}_{yz}$",,,,,,,,,,,,,,3.443471271859479e-10,7.117576683457453e-20,,,,,,
"$\hat{S}_{x,y,z}\hat{A}_{x,y,z}\hat{T}_{xz}$",,,,,,,,,,,,,1.4049725692793483e+19,1.7137544254009427e-10,,,,,,,
"$\hat{S}_{x,y,z}\hat{A}_{x,y,z}\hat{T}_{xy}$",,,,,,,,,,,,2.4974058747277202e-06,2904046298.1995454,,5835141751.806384,,,,1.1099988393588676e-15,,
"$\hat{S}_{x,y,z}\hat{A}_{x,y,z}\hat{T}_{xy,yz}$",,,,1.9908812920790996e+49,,,,,,1.7354191246599286e-19,,,,900901842904265.9,,,486.43440687908844,103613416493.5099,,,
"$\hat{S}_{x,y,z}\hat{A}_{x,y,z}\hat{T}_{xy,xz}$",,,,,,,,,,,,,,,,,,,0.0020557756315304544,,
"$\hat{S}_{x,y,z}\hat{A}_{x,y,z}\hat{T}_{xy,xz,yz}$",,,,,,,,,,,,,,,,,,,9.65125978702418e-12,,
$\hat{S}_{x}$,,1e-160,1e-160,,,,,,,,,,,,,,,,,,
$\hat{S}_{y}$,1e+160,,1.3772257908049277e-69,,,,,,,,,,,,,,,,,,
$\hat{S}_{z}$,1e+160,7.260973521382752e+68,,,,,,,,,,,,,,,,,,5.698808873543737e-111,
"$\hat{S}_{x,z}$",,,1.7547526547914595e+110,2.785924963657e+64,,5.035493576381332e+25,,,,1.8902144203267223e-60,,,,,,,,0.00043586751080001925,,,
"$\hat{S}_{y,z}$",,,,,,,,,,,,,,,,,,,,3.589472125219518e-65,
"$\hat{S}_{x,y,z}$",,,,,,,,4.522712056637332e-53,,,,,,,,,,,,1.9859026425739824e-26,
"$\hat{S}_{x,y,z}\hat{A}_{y}$",,,,,,2.2110627151963925e+52,7.21005315773848,,7716499054239765.0,1.8685179272991896e-21,,,,,,,,,,,
"$\hat{S}_{x,y,z}\hat{A}_{x}$",,,,,,,2.0567965337338493e-27,1.295924476852697e-16,,,,,,,,,,,,,
"$\hat{S}_{x,y,z}\hat{A}_{z}$",,,,,,,,0.13869523263177466,4.861929625020462e+26,,,,,,,,,,,,
"$\hat{S}_{x,y,z}\hat{A}_{x,y}$",,,,,,,,,,1.1334305550296195e-12,,,,,,,,,,,
"$\hat{S}_{x,y,z}\hat{A}_{y,z}$",,,,,,,,5.351835191891518e+20,,,,1.4155206471959788e+19,,,,,,2608048740180.823,,5.290405095032291e+59,882277256036.9766
"$\hat{S}_{x,y,z}\hat{A}_{x,y,z}$",,,,,,,,,,7.064538422529629e-20,,,,,3135864.8859593486,,,,,,
"$\hat{S}_{x,y,z}\hat{A}_{x,y,z}\hat{T}_{xy}$",,,,,,,,,,,,,1.0022331270711293e-06,,4.1170216237682855e-18,,,,,,
"$\hat{S}_{x,y,z}\hat{A}_{x,y,z}\hat{T}_{xz}$",,,,,,,,,,,,3.1889129039884387e-07,163568749892778.2,2.4289403636522704e+17,,,45.5862301642082,,,,
"$\hat{S}_{x,y,z}\hat{A}_{x,y,z}\hat{T}_{yz}$",,,,,,,,,,,,,,997771.8486739156,6.113637236058326e-15,,,,,,
"$\hat{S}_{x,y,z}\hat{A}_{x,y,z}\hat{T}_{xy,xz}$",,,,,,,,,,,,,,,0.021936448712645357,333134.3284649038,,2.871623607358903e-08,,,
"$\hat{S}_{x,y,z}\hat{A}_{x,y,z}\hat{T}_{xz,yz}$",,,,,,,,,,,,,,,,,3.001792113733939e-06,,,,
"$\hat{S}_{x,y,z}\hat{A}_{x,y,z}\hat{T}_{xy,xz,yz}$",,,,,,,,,,3.834284170358976e-13,,,,,,,34823505.331178226,,,2294.2751529347433,
$\hat{S}_{x}$,,1e-160,1e-160,,,,,,,,,,,,,,,,,,
$\hat{S}_{y}$,1e+160,,1.201992204065293e-59,,,,,,,,,,,,,,,,,,
$\hat{S}_{z}$,1e+160,8.319521512850672e+58,,1.9398840948620892e-87,,,,,,,,,,,,,,,,,
"$\hat{S}_{y,z}$",,,5.154947157144934e+86,,,8.692381587714833e-22,,,,,,,,,,,,,,36.17965157863873,
"$\hat{S}_{x,z}$",,,,0.02763984605618541,,,,,,,,,,,,,,,,,
"$\hat{S}_{x,y,z}$",,,,1.150432697769879e+21,,,,0.08334442029079046,,,,,,,0.2138230655033985,0.04385041444666886,,,,,3.3407238387251377e-37
"$\hat{S}_{x,y,z}\hat{A}_{z}$",,,,,,,,0.0003330221333981734,2202804342939254.2,,,,,,,,,,,,
"$\hat{S}_{x,y,z}\hat{A}_{y}$",,,,,,11.998403690504759,3002.803416685712,,6.356618492610871e+33,,,,,,,,,,,,2.3322077507427275e-23
"$\hat{S}_{x,y,z}\hat{A}_{x}$",,,,,,,4.539667824813148e-16,1.5731634691659265e-34,,,,,,,,,,,,,
"$\hat{S}_{x,y,z}\hat{A}_{y,z}$",,,,,,,,,,,,,,,,,,,,,1.0929042322946266e-11
"$\hat{S}_{x,y,z}\hat{A}_{x,y}$",,,,,,2.993363259806631e+36,,4.287782680087289e+22,,91499325416.68652,,6.928173710666259e+58,,,1.899140302911031e+24,3.395847303220281e+27,,,,,
"$\hat{S}_{x,y,z}\hat{A}_{x,y,z}$",,,,,,,,,,,,,,,2.9431038650221634e-30,,,,,,1.4433818229188617e-59
"$\hat{S}_{x,y,z}\hat{A}_{x,y,z}\hat{T}_{xz}$",,,,,,4.676763929306336,,,,,,3.397773391162562e+29,62795110.36038669,1927148065269447.0,,7.37532329363106e-05,,,,,5.265540405135865e-25
"$\hat{S}_{x,y,z}\hat{A}_{x,y,z}\hat{T}_{yz}$",,,,,,,,,,,,,,4616.613508269305,1.5924806792454247e-08,,,,,,
"$\hat{S}_{x,y,z}\hat{A}_{x,y,z}\hat{T}_{xy}$",,,,,,,,,,,,,0.00021660899232928946,,5.189014886929217e-16,,,,,,
"$\hat{S}_{x,y,z}\hat{A}_{x,y,z}\hat{T}_{xz,yz}$",,,,,,22.80480156501613,,,,,,,,,13558.727667755897,,5.6573788915698046e+32,1.0594947594789394e+16,,,2.944773161772322e-28
"$\hat{S}_{x,y,z}\hat{A}_{x,y,z}\hat{T}_{xy,xz}$",,,,,,,,,,,,,,,,1.7676030175212835e-33,,,,,
"$\hat{S}_{x,y,z}\hat{A}_{x,y,z}\hat{T}_{xy,xz,yz}$",,,,,,,,,,,,,,,,9.438461031103175e-17,,,,,
$\hat{S}_{x}$,,1e-160,1e-160,,,,,,,,,,,,,,,,,,
$\hat{S}_{y}$,1e+160,,2.5814918544031986e+26,,4.9833737742359e-69,,,,,,,,,,,,,,,,
$\hat{S}_{z}$,1e+160,3.873729054361803e-27,,,,,,,,,,,,,,,,,,,
"$\hat{S}_{x,y}$",,2.0066726785978037e+68,,1.1149882228722807e+22,,69235731.53441909,1.4532177071470515e-97,,,,,,,,,,1.2491783158585366e-81,,,,
"$\hat{S}_{y,z}$",,,,,8.9687045969323e-23,,,,,,,,,,,,,,,,
"$\hat{S}_{x,y,z}$",,,,,1.4443409173814695e-08,,3.412868488111855e-113,,,,,,,,,,,,,,
"$\hat{S}_{x,y,z}\hat{A}_{z}$",,,,,6.881281414903718e+96,2.9300865341964664e+112,,6.174109057824281e+43,3.71910320904689e+106,6.353925234734796e+30,,,,,,,5.7056822111992557e+17,,,,
"$\hat{S}_{x,y,z}\hat{A}_{y}$",,,,,,,1.6196668873749923e-44,,8.217416588147754e+49,,,,,,,,,,,,
"$\hat{S}_{x,y,z}\hat{A}_{x}$",,,,,,,2.6888202445349026e-107,1.2169274726102269e-50,,,,,,,,,,,,,
"$\hat{S}_{x,y,z}\hat{A}_{y,z}$",,,,,,,1.5738302908150897e-31,,,,41.94551373604586,7.720405351725654e+22,,,,,,,,,
"$\hat{S}_{x,y,z}\hat{A}_{x,z}$",,,,,,,,,,0.02384045183694223,,,,,,,,,,,
"$\hat{S}_{x,y,z}\hat{A}_{x,y,z}$",,,,,,,,,,1.2952687772753817e-23,,,,1.7303337591134512e-25,,,,,,,
"$\hat{S}_{x,y,z}\hat{A}_{x,y,z}\hat{T}_{xz}$",,,,,,,,,,,,,1.9329561062823214e-23,1.1843284797297681e-40,,,,,,,
"$\hat{S}_{x,y,z}\hat{A}_{x,y,z}\hat{T}_{yz}$",,,,,,,,,,,,,,0.8262816392871394,5.173423218198744e+22,,,,,,
"$\hat{S}_{x,y,z}\hat{A}_{x,y,z}\hat{T}_{xy}$",,,,,,,,,,,,5.779231866298194e+24,1.2102410999507784,,8.443603418438211e+39,,2.3176076662736445e-08,,,,
"$\hat{S}_{x,y,z}\hat{A}_{x,y,z}\hat{T}_{xy,xz}$",,,,,8.005262237623128e+80,,1.752638795825633e-18,,,,,,,43147941.4981331,,,,1.5129476204317649e+19,1.2626012425229436e+27,,
"$\hat{S}_{x,y,z}\hat{A}_{x,y,z}\hat{T}_{xy,yz}$",,,,,,,,,,,,,,,,,7.920156945210897e-28,,,,
"$\hat{S}_{x,y,z}\hat{A}_{x,y,z}\hat{T}_{xy,xz,yz}$",,,,,,,,,,,,,,,,,6.609614149858143e-20,,,,
$\hat{S}_{x}$,,1e-160,1e-160,,,,,,,,,,,,,,,,,,
$\hat{S}_{y}$,1e+160,,3.0424178466381305e-110,,,,,,,,,,,,,,,,,,
$\hat{S}_{z}$,1e+160,3.2868594992794932e+109,,,,,,,,,,,,,,,,,,2.1946273169631307e-130,
"$\hat{S}_{y,z}$",,,,,,,,,,,,,,,,,,,,1.539398970933458e-06,
"$\hat{S}_{x,z}$",,,4.556582305663517e+129,649604.1759685092,,2.5831142180895637e+22,1.6023666890962815e-60,,,,,1.1793014722502634e-31,,,,,,6916.961307391187,,,
"$\hat{S}_{x,y,z}$",,,,,,,1.3209303908689018e-100,,,,,,,,,,,,,3.8712961006408246e-23,
"$\hat{S}_{x,y,z}\hat{A}_{y}$",,,,,,,1.2811640160215013e-40,,2.4021958483980868e+20,,,,,,,,,,,,
"$\hat{S}_{x,y,z}\hat{A}_{z}$",,,,,,7.570421627911859e+99,,7.805401864980395e+39,3.002330207222428e+58,5.548217903273457e+20,,1.258859186605668e+34,,,,,,8.80028309221238e+37,,6.240768775366829e+59,
"$\hat{S}_{x,y,z}\hat{A}_{x}$",,,,,,,3.3307462236978214e-59,4.162857914631955e-21,,,,,,,,,,,,,
"$\hat{S}_{x,y,z}\hat{A}_{y,z}$",,,,,,,1.80238054350749e-21,,,,9.225147691223893e+25,1.9990910279453988,,,,,,,,,
"$\hat{S}_{x,y,z}\hat{A}_{x,z}$",,,,,,,,,,1.0839934854932721e-26,,,,,,,,,,,
"$\hat{S}_{x,y,z}\hat{A}_{x,y,z}$",,,,,,,7.94370022191565e-35,,,0.5002273463393849,,,2012194.421541871,,,,,5.113238655850095e+18,,8.479595960241342e+30,
"$\hat{S}_{x,y,z}\hat{A}_{x,y,z}\hat{T}_{xz}$",,,,,,,,,,,,,5.720950548555845e-16,3.167926518811802e+44,,,,,,,
"$\hat{S}_{x,y,z}\hat{A}_{x,y,z}\hat{T}_{xy}$",,,,,,,,,,,,,5.5866436198242125e-30,,3.156638874234593e-45,,,,,,
"$\hat{S}_{x,y,z}\hat{A}_{x,y,z}\hat{T}_{yz}$",,,,,,,,,,,,4.969698699560734e-07,,1.78998351792389e+29,1747961272366587.2,366712.3184774335,,,,,
"$\hat{S}_{x,y,z}\hat{A}_{x,y,z}\hat{T}_{xz,yz}$",,,,,,,,,,,,,2.726933210621168e-06,,,,,2.70699065483111e-13,1.4546257595544023e+18,,
"$\hat{S}_{x,y,z}\hat{A}_{x,y,z}\hat{T}_{xy,yz}$",,,,,,,,,,,,,,,,6.874620454310747e-19,,,,,
"$\hat{S}_{x,y,z}\hat{A}_{x,y,z}\hat{T}_{xy,xz,yz}$",,,,,,,1.1363270812105219e-38,,,,,1.955707658698646e-19,,,,3694139092114.4136,,,,0.00014457215467309905,
$\hat{S}_{x}$,,1e-160,1e-160,,,,,,,,,,,,,,,,,,
$\hat{S}_{y}$,1e+160,,2.148012001076049e+41,1.0811241896605601e-94,,,,,,,,,,,,,,,,,
$\hat{S}_{z}$,1e+160,4.655467471778784e-42,,,,,,,,,,,,,,,,,,,
"$\hat{S}_{y,z}$",,9.249631166924212e+93,,,2.9042477767982277e+28,3716410156335636.5,5.482218965287796e-66,,,,,,,,,6.0749266760498304e-37,,,,,
"$\hat{S}_{x,y}$",,,,3.4432323852975267e-29,,,,,,,,,,,,,,,,,
"$\hat{S}_{x,y,z}$",,,,2.6907686663573094e-16,,,4.493797572888216e-79,,,,,,,,,,,,,,
"$\hat{S}_{x,y,z}\hat{A}_{y}$",,,,,,,0.01217366142770029,,2.2792385727986064e+36,,,,,,,,,,,,
"$\hat{S}_{x,y,z}\hat{A}_{z}$",,,,1.8240789109880141e+65,,2.2252893767025833e+78,,82.14455494257233,2.059693485953383e+50,361352.2313713934,,,,,,1.8756557255825788e+26,,,,,
"$\hat{S}_{x,y,z}\hat{A}_{x}$",,,,,,,4.8550913367438444e-51,4.3874301353724945e-37,,,,,,,,,,,,,
"$\hat{S}_{x,y,z}\hat{A}_{y,z}$",,,,,,,2.7673829388152088e-06,,,,2.463164133180622e+22,2.091835264459734e+61,,,,,,,,,
"$\hat{S}_{x,y,z}\hat{A}_{x,z}$",,,,,,,,,,4.0598187775198117e-23,,,,,,,,,,,
"$\hat{S}_{x,y,z}\hat{A}_{x,y,z}$",,,,,,,,,,4.780491164815857e-62,,,,,3.266265019578228e-21,,,,,,
"$\hat{S}_{x,y,z}\hat{A}_{x,y,z}\hat{T}_{xy}$",,,,,,,,,,,,,1.2640645103951913e+19,,1.4833198859833351e-30,,,,,,
"$\hat{S}_{x,y,z}\hat{A}_{x,y,z}\hat{T}_{xz}$",,,,,,,,,,,,3.061600923396993e+20,2.0485375132545024e+45,6.741634150863362e+29,,4.174438581818794e-09,,,,,
"$\hat{S}_{x,y,z}\hat{A}_{x,y,z}\hat{T}_{yz}$",,,,,,,,,,,,,,7.910988654268639e-20,4.881531304795607e-46,,,,,,
"$\hat{S}_{x,y,z}\hat{A}_{x,y,z}\hat{T}_{xz,yz}$",,,,1.6461104031797822e+36,,,5.331468810404425e-27,,,,,,,,239553171.13907617,,74.09571880861004,2737907284565955.0,,,
"$\hat{S}_{x,y,z}\hat{A}_{x,y,z}\hat{T}_{xy,xz}$",,,,,,,,,,,,,,,,0.01349605639946634,,,,,
"$\hat{S}_{x,y,z}\hat{A}_{x,y,z}\hat{T}_{xy,xz,yz}$",,,,,,,,,,,,,,,,3.6524246297059383e-16,,,,,
$\hat{S}_{x}$,,1e-160,1e-160,,,,,,,,,,,,,,,,,,
$\hat{S}_{y}$,1e+160,,1e+160,1.820312536041949e-141,,,,,,,,,,,,,,,,,
$\hat{S}_{z}$,1e+160,1e-160,,,,,,,,,,,,,,,,,,,
"$\hat{S}_{y,z}$",,5.493562122987846e+140,,,1.0504547281721569e+34,126398.91542337716,4.692469631355845e-75,,,,,,,1.635871182377816e-27,,,,9.760602105429452e-50,,,
"$\hat{S}_{x,y}$",,,,9.519686790691584e-35,,,,,,,,,,,,,,,,,
"$\hat{S}_{x,y,z}$",,,,7.911460289437361e-06,,,1.8746938475720196e-55,,,,,,,,,,,,,,
"$\hat{S}_{x,y,z}\hat{A}_{y}$",,,,,,,8.053585665518113e-61,,4.245430341081998e-09,,,,,,,,,,,,
"$\hat{S}_{x,y,z}\hat{A}_{z}$",,,,2.1310739942094402e+74,,5.33420430912031e+54,,1.2416829491012397e+60,8.785652216239836e+20,,6.375577697619259e+36,,,1.6343468457275526e+17,,,,0.0002494607861229802,,,
"$\hat{S}_{x,y,z}\hat{A}_{x}$",,,,,,,1.1382194234271535e-21,235547381.45700872,,,,,,,,,,,,,
"$\hat{S}_{x,y,z}\hat{A}_{x,z}$",,,,,,,1.568485316041895e-37,,,5685879147030.976,,1.7028084954263878e+52,,,,,,,,,
"$\hat{S}_{x,y,z}\hat{A}_{y,z}$",,,,,,,,,,,1.7587429738498312e-13,,,,,,,,,,
"$\hat{S}_{x,y,z}\hat{A}_{x,y,z}$",,,,,,,,,,,5.872650992087031e-53,,,6.386958927301806e-53,,,,,,,
"$\hat{S}_{x,y,z}\hat{A}_{x,y,z}\hat{T}_{xz}$",,,,,,,,,,,,,1571320128596.5205,0.00014879990069281227,,,,,,,
"$\hat{S}_{x,y,z}\hat{A}_{x,y,z}\hat{T}_{xy}$",,,,6.112950767593159e+26,,,6.118652247007188e-18,,,,,1.5656903565253606e+52,8049992522365.116,,6720.43459265766,,0.021774444073734463,1.192917127420009e-10,,,
"$\hat{S}_{x,y,z}\hat{A}_{x,y,z}\hat{T}_{yz}$",,,,,,,,,,,,,,1.2422371787572747e-13,6.364075542602417e-13,,,,,,
"$\hat{S}_{x,y,z}\hat{A}_{x,y,z}\hat{T}_{xy,xz}$",,,,,,,,,,,,,,45.92539752627968,,,,1.5806625313105487e-15,12858985124973.889,,
"$\hat{S}_{x,y,z}\hat{A}_{x,y,z}\hat{T}_{xy,yz}$",,,,,,,,,,,,,,,,,7.776663479125307e-14,,,,
"$\hat{S}_{x,y,z}\hat{A}_{x,y,z}\hat{T}_{xy,xz,yz}$",,,,1.0245269597084979e+49,,,4008.646070356789,,,,,,,8382811990.995199,,,632646108952102.8,,,,
$\hat{S}_{x}$,,1e-160,1e-160,,,,,,,,,,,,,,,,,,
$\hat{S}_{y}$,1e+160,,1.0803081345506168e+81,2.0666037917713807e-73,,,,,,,,,,,,,,,,,
$\hat{S}_{z}$,1e+160,9.25661825564219e-82,,,,,,,,,,,,,,,,,,,
"$\hat{S}_{x,y}$",,,,1.3458334213137948e-95,,,,,,,,,,,,,,,,,
"$\hat{S}_{y,z}$",,4.838856891590498e+72,,,7.430340071535791e+94,3.250043459740303e-17,,,,,,,,,,,,,,,
"$\hat{S}_{x,y,z}$",,,,3.0768819321570108e+16,,,5.811549651857194e-90,,,,,,,,,,,,,,
"$\hat{S}_{x,y,z}\hat{A}_{z}$",,,,,,1.720711445148594e+89,,5.012313002555746e+34,3.1649121400647986e+47,2.897614106354972e+36,,,2.915112652913063e+24,,,,,7.853537371075982e+48,,,
"$\hat{S}_{x,y,z}\hat{A}_{y}$",,,,,,,1.9950868979852343e-35,,1743832612600.5464,,,,,,,,,,,,
"$\hat{S}_{x,y,z}\hat{A}_{x}$",,,,,,,3.159645373218879e-48,5.734495345334309e-13,,,,,,,,,,,,,
"$\hat{S}_{x,y,z}\hat{A}_{x,z}$",,,,,,,,,,0.001432224586580163,,,,,,,,,,,
"$\hat{S}_{x,y,z}\hat{A}_{y,z}$",,,,,,,3.4511151702596493e-37,,,,698.2145184281327,1.773622404717038e+22,,,,,,,,,
"$\hat{S}_{x,y,z}\hat{A}_{x,y,z}$",,,,,,,,,,5.638178663848911e-23,,,1.9019662738102648e-13,,,,,,,,
"$\hat{S}_{x,y,z}\hat{A}_{x,y,z}\hat{T}_{xy}$",,,,,,,,,,,,,1.595186602376601e-11,,0.00041054185713576384,,,,,,
"$\hat{S}_{x,y,z}\hat{A}_{x,y,z}\hat{T}_{yz}$",,,,,,,3.430399161420754e-25,,,,,5257716783782.242,,62688590695.91873,2.2486470101742466e+20,,,5.7644887562424645e+25,4.819603503499634e+24,,
"$\hat{S}_{x,y,z}\hat{A}_{x,y,z}\hat{T}_{xz}$",,,,,,,,,,,,,4.447118625001576e-21,2435.805223313212,,,,,,,
"$\hat{S}_{x,y,z}\hat{A}_{x,y,z}\hat{T}_{xz,yz}$",,,,,,,,,,,,,,,,,,,2.342494655891986e-06,,
"$\hat{S}_{x,y,z}\hat{A}_{x,y,z}\hat{T}_{xy,yz}$",,,,,,,,,,,,,2.0748594760417016e-25,,,426895.31755589653,,1.2158123673881704e-15,,,
"$\hat{S}_{x,y,z}\hat{A}_{x,y,z}\hat{T}_{xy,xz,yz}$",,,,,,,1.2733115699976532e-49,,,,,,1.734759216794521e-26,,,,,,822495334661069.1,,
$\hat{S}_{x}$,,1e-160,1e-160,,,,,,,,,,,,,,,,,,
$\hat{S}_{y}$,1e+160,,1e-160,,,,,,,,,,,,,,,,,,
$\hat{S}_{z}$,1e+160,1e+160,,,,,,,,,,,,,,,,,,8.70567683613171e-109,
"$\hat{S}_{y,z}$",,,,,,,,,,,,,,,,,,,,2.763652901959994e-60,
"$\hat{S}_{x,z}$",,,1.1486757650475126e+108,3.618399399182133e+59,,2.5447942436258122e+29,9.155735862493059e-34,,,,,,,2.558417567358647e-39,,,,8.365884786974436e-52,,,
"$\hat{S}_{x,y,z}$",,,,,,,4.8532061117768196e-42,,,,,,,,,,,,,3.9295907812774845e-30,
"$\hat{S}_{x,y,z}\hat{A}_{x}$",,,,,,,5.804050554624463e-118,1.05557748404598e-106,,,,,,,,,,,,,
"$\hat{S}_{x,y,z}\hat{A}_{y}$",,,,,,,9.091090798519864e-12,,9.473487404894674e+105,,,,,,,,,,,,
"$\hat{S}_{x,y,z}\hat{A}_{z}$",,,,,,2.060493572637259e+41,,109997801381.85527,1.7229346825782475e+117,1.557820541017718e+20,,,,194187046166.26334,,,,7.419170982309711e-17,,1.0922115000024752e+33,
"$\hat{S}_{x,y,z}\hat{A}_{y,z}$",,,,,,,6.419224638973523e-21,,,,2.3322497816122916e+16,7960260185472239.0,,,,,,,,,
"$\hat{S}_{x,y,z}\hat{A}_{x,z}$",,,,,,,,,,4.287705407388641e-17,,,,,,,,,,,
"$\hat{S}_{x,y,z}\hat{A}_{x,y,z}$",,,,,,,,,,1.2562403447880209e-16,,,,7.89979469887294e-24,,,,,,,
"$\hat{S}_{x,y,z}\hat{A}_{x,y,z}\hat{T}_{xz}$",,,,,,,,,,,,,6.4905281327935935e-12,5.320870450437613e-13,,,,,,,
"$\hat{S}_{x,y,z}\hat{A}_{x,y,z}\hat{T}_{yz}$",,,,,,,,,,,,,,5.522966299731315e-10,154070667215.4257,,,,,,
"$\hat{S}_{x,y,z}\hat{A}_{x,y,z}\hat{T}_{xy}$",,,,,,,5.1496740886814766e-12,,,,,1.2658556812149428e+23,1810621223.6867144,,1879391744855.873,,,7.374519633428458e-06,244354.49499177575,3.908666094066953e+38,
"$\hat{S}_{x,y,z}\hat{A}_{x,y,z}\hat{T}_{xy,xz}$",,,,,,,,,,,,,,,,,,,5.435912012709134e-26,,
"$\hat{S}_{x,y,z}\hat{A}_{x,y,z}\hat{T}_{xy,yz}$",,,,,,,,,,,,,,4.0924149974554675e-06,,,1.839617708421338e+25,4.538191482294998e-06,,,
"$\hat{S}_{x,y,z}\hat{A}_{x,y,z}\hat{T}_{xy,xz,yz}$",,,,,,,1.3478594877842854e+16,,,,,,,135602.05270415614,,,,,220352.09486010767,1.1953308292710244e+51,
$\hat{S}_{x}$,,1e-160,1e-160,,,,,,,,,,,,,,,,,,
$\hat{S}_{y}$,1e+160,,2.345573936775907e-33,,,,,,,,,,,,,,,,,,
$\hat{S}_{z}$,1e+160,4.263348873046156e+32,,,,,,,,,,,,,,,,,,1e-160,
"$\hat{S}_{x,z}$",,,1e+160,9.319068272848995e+60,,1.0533395857162303e-33,,,,,,,,,,,,,,,
"$\hat{S}_{y,z}$",,,,,,,,,,,,,,,,,,,,1.0730686488406671e-61,
"$\hat{S}_{x,y,z}$",,,,,,,1.045215199188804e-38,,,,,,,,,,,,,9.493614533816638e+32,
"$\hat{S}_{x,y,z}\hat{A}_{y}$",,,,,,,1.913651768970262e-23,,159957993664054.38,,,,,,,,,,,,
"$\hat{S}_{x,y,z}\hat{A}_{x}$",,,,,,,8.292905554193754e-27,6.2516413034050145e-15,,,,,,,,,,,,,
"$\hat{S}_{x,y,z}\hat{A}_{z}$",,,,,,9.56740775273938e+37,,5.22561113894876e+22,1.2058499804019788e+26,1.5030051497642878e-30,,,,,,,,,,,
"$\hat{S}_{x,y,z}\hat{A}_{x,z}$",,,,,,,,,,0.0016055943705705167,,,,,,,,,,,
"$\hat{S}_{x,y,z}\hat{A}_{y,z}$",,,,,,,6.653337150287392e+29,,,,622.8223132376015,2.803985098544352e+22,,2546183853288925.5,,,,3.004645734544731e+35,,,
"$\hat{S}_{x,y,z}\hat{A}_{x,y,z}$",,,,,,,,,,3.566352761714516e-23,,,,1.4208015297194889e-08,,,,,,,
"$\hat{S}_{x,y,z}\hat{A}_{x,y,z}\hat{T}_{xy}$",,,,,,,,,,3.9274461610786364e-16,,70382807.10448219,3786838998.587678,,2.647733338822022e+41,,17527773.4665047,0.019016306848545918,,,
"$\hat{S}_{x,y,z}\hat{A}_{x,y,z}\hat{T}_{xz}$",,,,,,,,,,,,,1.6034920311750417e-13,3.7768153814345235e-42,,,,,,,
"$\hat{S}_{x,y,z}\hat{A}_{x,y,z}\hat{T}_{yz}$",,,,,,,,,,,,,,2.640724890529952e-10,6236388959583.405,,,,,,
"$\hat{S}_{x,y,z}\hat{A}_{x,y,z}\hat{T}_{xy,xz}$",,,,,,,,,,,,,,5.705231197282326e-08,,,,1.0945153705378952e-13,305807062424.3985,,
"$\hat{S}_{x,y,z}\hat{A}_{x,y,z}\hat{T}_{xy,yz}$",,,,,,,,,,,,,,,,,3.270035662591081e-12,,,,
"$\hat{S}_{x,y,z}\hat{A}_{x,y,z}\hat{T}_{xy,xz,yz}$",,,,,,,,,,3.328179387349709e-36,,,,52.5864463570362,,,9136463743844.492,,,,
$\hat{S}_{x}$,,1e-160,1e-160,,,,,,,,,,,,,,,,,,
$\hat{S}_{y}$,1e+160,,3.7131762591096895e+50,1.4509594903051835e-131,,,,,,,,,,,,,,,,,
$\hat{S}_{z}$,1e+160,2.693112123472885e-51,,,,,,,,,,,,,,,,,,,
"$\hat{S}_{x,y}$",,,,1e-160,,,,,,,,,,,,,,,,,
"$\hat{S}_{y,z}$",,6.891991173300557e+130,,,1e+160,6.31176022285177e+23,,,,4.941095483631206e-47,,,,,,,,,8.094682715199206e-35,,
"$\hat{S}_{x,y,z}$",,,,1.584344088958724e-24,,,6.761402914104538e-21,,,,,,,,,,,,,,
"$\hat{S}_{x,y,z}\hat{A}_{x}$",,,,,,,1.0496967532322198e-36,1.1848909924707531e-07,,,,,,,,,,,,,
"$\hat{S}_{x,y,z}\hat{A}_{z}$",,,,,,1.4789830050121148e+20,,1.1698976589649099e+27,9.526560855988228e+35,1.095787503800022e-33,,,,,,,,,,,
"$\hat{S}_{x,y,z}\hat{A}_{y}$",,,,,,,8.547756227538482e-28,,8439594.919316456,,,,,,,,,,,,
"$\hat{S}_{x,y,z}\hat{A}_{y,z}$",,,,2.0238426950314693e+46,,,9.125856943359495e+32,,,,3.2072351000659294e+22,1.663274977002033e+51,,,,,,,4.3787061906511224e+16,,
"$\hat{S}_{x,y,z}\hat{A}_{x,z}$",,,,,,,,,,3.1179504114913293e-23,,,,,,,,,,,
"$\hat{S}_{x,y,z}\hat{A}_{x,y,z}$",,,,,,,,,,6.012234981148145e-52,,,6.221980139014669e-33,,,,,,,,
"$\hat{S}_{x,y,z}\hat{A}_{x,y,z}\hat{T}_{yz}$",,,,,,,,,,,,1.6072053874449733e+32,,2.302081112064065e+19,87023835984.8195,,,,6.729250987163506e-14,,
"$\hat{S}_{x,y,z}\hat{A}_{x,y,z}\hat{T}_{xz}$",,,,,,,,,,,,,1.1491104577077488e-11,3184.032047168968,,,,,,,
"$\hat{S}_{x,y,z}\hat{A}_{x,y,z}\hat{T}_{xy}$",,,,,,,,,,,,,4.3438955941191475e-20,,0.00031406719065190763,,,,,,
"$\hat{S}_{x,y,z}\hat{A}_{x,y,z}\hat{T}_{xy,yz}$",,,,1.2353788717651924e+34,,,,,,2.283779629094726e-17,,,14860494903631.422,,,87118435169882.28,,854604415193.9191,,,
"$\hat{S}_{x,y,z}\hat{A}_{x,y,z}\hat{T}_{xz,yz}$",,,,,,,,,,,,,,,,,,,1.1478626745877433e-14,,
"$\hat{S}_{x,y,z}\hat{A}_{x,y,z}\hat{T}_{xy,xz,yz}$",,,,,,,,,,,,,,,,,,,1.1701320309386527e-12,,
$\hat{S}_{x}$,,1e-160,1e-160,,,,,,,,,,,,,,,,,,
$\hat{S}_{y}$,1e+160,,2.6147501414965126e-67,,,,,,,,,,,,,,,,,,
$\hat{S}_{z}$,1e+160,3.8244571981461495e+66,,,,,,,,,,,,,,,,,,7.096371504157071e-99,
"$\hat{S}_{y,z}$",,,,,,,,,,,,,,,,,,,,6.957637965419056e-77,
"$\hat{S}_{x,z}$",,,1.409170869104299e+98,1.4372693793069045e+76,,332864197467.06024,1.895211471099055e-26,,,,,,,,,,1.3723977379139757e-14,2.9079671091765355e-17,,,
"$\hat{S}_{x,y,z}$",,,,,,,1.5641072639303971e-58,,,,,,,,,,,,,3.0042281735600552e-12,
"$\hat{S}_{x,y,z}\hat{A}_{y}$",,,,,,,4.1013015153563235e-11,,1.9249402366598204e+23,,,,,,,,,,,,
"$\hat{S}_{x,y,z}\hat{A}_{z}$",,,,,,6.393423411941268e+57,,24382503852.880455,1.4556768795264e+38,1.7785843017504385e+20,,,,,,,15043.73530780047,5.975296630058217e-10,,5.276456032740708e+25,
"$\hat{S}_{x,y,z}\hat{A}_{x}$",,,,,,,6.86965640565334e-39,5.194966477168206e-24,,,,,,,,,,,,,
"$\hat{S}_{x,y,z}\hat{A}_{y,z}$",,,,,,,5.622449264934054e-21,,,,3.2360306709241162,8.961326360032493e+18,,,,,,,,,
"$\hat{S}_{x,y,z}\hat{A}_{x,z}$",,,,,,,,,,0.3090205568769931,,,,,,,,,,,
"$\hat{S}_{x,y,z}\hat{A}_{x,y,z}$",,,,,,,,,,1.1159062395718552e-19,,,,,17877404.679943457,,,,,,
"$\hat{S}_{x,y,z}\hat{A}_{x,y,z}\hat{T}_{xy}$",,,,,,,,,,,,,6.847902695716564e-13,,3.5780424171665177e-06,,,,,,
"$\hat{S}_{x,y,z}\hat{A}_{x,y,z}\hat{T}_{yz}$",,,,,,,,,,,,,,1460301123474.6526,2.0805854199407226e-17,,,,,,
"$\hat{S}_{x,y,z}\hat{A}_{x,y,z}\hat{T}_{xz}$",,,,,,,,,,,,5.5936530939633165e-08,4.806339554318758e+16,279482.43296453386,,,0.009161978400827255,,,,
"$\hat{S}_{x,y,z}\hat{A}_{x,y,z}\hat{T}_{xy,yz}$",,,,,,,,,,,,,,,,,3.5117256483279244e-28,,,,
"$\hat{S}_{x,y,z}\hat{A}_{x,y,z}\hat{T}_{xy,xz}$",,,,,,,6.64728526220134e-05,,,,,,,,109.14673187940586,,,0.2520438814031961,2.847602860081455e+27,72865174021634.95,
"$\hat{S}_{x,y,z}\hat{A}_{x,y,z}\hat{T}_{xy,xz,yz}$",,,,,,,1673557083.2912056,,,,,,,,,,3.967563086367068,,,3.438828440818147e+16,
$\hat{S}_{x}$,,1e-160,1e-160,,,,,,,,,,,,,,,,,,
$\hat{S}_{y}$,1e+160,,42132246.24074429,2.5172023327038345e-94,,,,,,,,,,,,,,,,,
$\hat{S}_{z}$,1e+160,2.3734789602386373e-08,,,,,,,,,,,,,,,,,,,
"$\hat{S}_{x,y}$",,,,4.3792667794281514e-16,,,,,,,,,,,,,,,,,
"$\hat{S}_{y,z}$",,3.9726643623671575e+93,,,2283487283071119.5,4.8588220166527464e+16,,,,,1.3763977661951905e-49,,,,,,,1.085874605930501e-21,,,
"$\hat{S}_{x,y,z}$",,,,2.0581120209233394e-17,,,2.6596119387441287e-64,,,,,,,,,,,,,,
"$\hat{S}_{x,y,z}\hat{A}_{z}$",,,,,,3.7599470262274466e+63,,5403036672796504.0,5.789134948228311e+36,,2.751366311417669e-06,,,,,,,,,,
"$\hat{S}_{x,y,z}\hat{A}_{y}$",,,,,,,1.8508110541519237e-16,,76734.49451783455,,,,,,,,,,,,
"$\hat{S}_{x,y,z}\hat{A}_{x}$",,,,,,,1.7273737940865187e-37,1.3031948751126276e-05,,,,,,,,,,,,,
"$\hat{S}_{x,y,z}\hat{A}_{y,z}$",,,,,,,,,,,3.771482975010741e-08,,,,,,,,,,
"$\hat{S}_{x,y,z}\hat{A}_{x,z}$",,,,7.2653416371368e+48,,,363455.78407723544,,,26514769.034510944,,4860793.869709481,,,,,,5.508920241779067e+24,,,
"$\hat{S}_{x,y,z}\hat{A}_{x,y,z}$",,,,,,,,,,,2.0572771172865388e-07,,,7.6700029377153574e+25,,,,,,,
"$\hat{S}_{x,y,z}\hat{A}_{x,y,z}\hat{T}_{xy}$",,,,,,,,,,,,1.3037804654320865e-26,2.2476863934700367e+23,,377494012077975.94,,,,4.03158636966667e+28,,
"$\hat{S}_{x,y,z}\hat{A}_{x,y,z}\hat{T}_{yz}$",,,,,,,,,,,,,,4.4490192355356744e-24,46050.401922874335,,,,,,
"$\hat{S}_{x,y,z}\hat{A}_{x,y,z}\hat{T}_{xz}$",,,,,,,,,,,,,2.1715337070777575e-05,2.649048641845577e-15,,,,,,,
"$\hat{S}_{x,y,z}\hat{A}_{x,y,z}\hat{T}_{xy,xz}$",,,,,,,,,,,,,,,,,,,7.438903857813144e-20,,
"$\hat{S}_{x,y,z}\hat{A}_{x,y,z}\hat{T}_{xy,yz}$",,,,,,,,,,,,,,2.4804131880292065e-29,,,1.3442840761407226e+19,1.029667262042972e-06,,,
"$\hat{S}_{x,y,z}\hat{A}_{x,y,z}\hat{T}_{xy,xz,yz}$",,,,9.209166459354541e+20,,,,,,,1.8152377527924729e-25,,,,,,,,971187.5251971118,,
$\hat{S}_{x}$,,1e-160,1e-160,,,,,,,,,,,,,,,,,,
$\hat{S}_{y}$,1e+160,,3.3156172959995415e+62,1.4386182368212317e-65,,,,,,,,,,,,,,,,,
$\hat{S}_{z}$,1e+160,3.0160296280470914e-63,,,,,,,,,,,,,,,,,,,
"$\hat{S}_{x,y}$",,,,8.375256285767032e-40,,,,,,,,,,,,,,,,,
"$\hat{S}_{y,z}$",,6.951114440267338e+64,,,1.1939933130158738e+39,6.424877637690675e-12,,,,,,,,,,,,,,,
"$\hat{S}_{x,y,z}$",,,,155644987561.10706,,,3.0450306047023563e-58,,,,,,,,,,,,,,
"$\hat{S}_{x,y,z}\hat{A}_{y}$",,,,,,,2.828815966715936e-12,,51410870.466462694,,,,,,,,,,,,
"$\hat{S}_{x,y,z}\hat{A}_{x}$",,,,,,,0.2699470841541947,1.9451139242085753e-08,,,,,,,,,,,,,
"$\hat{S}_{x,y,z}\hat{A}_{z}$",,,,,,3.284039242350234e+57,,353504792028.2111,3.7044297149318215,,15792.10531703095,42728870488.760956,,,,,72255603.10905123,,,,
"$\hat{S}_{x,y,z}\hat{A}_{x,z}$",,,,,,,6.332277932072507e-05,,,3.0577041939159764e+24,,3.4314683485154885e-07,,,,,,,,,
"$\hat{S}_{x,y,z}\hat{A}_{y,z}$",,,,,,,,,,,3.2704275383790747e-25,,,,,,,,,,
"$\hat{S}_{x,y,z}\hat{A}_{x,y,z}$",,,,,,,2.340338016337295e-11,,,,2914204.3534588246,,,4.5410671032815547e+21,,,3.669057643989901e+18,,,,
"$\hat{S}_{x,y,z}\hat{A}_{x,y,z}\hat{T}_{yz}$",,,,,,,,,,,,,,1.7941212910256468e-15,11.964619049113567,,,,,,
"$\hat{S}_{x,y,z}\hat{A}_{x,y,z}\hat{T}_{xz}$",,,,,,,,,,,,,0.08357976095144357,2.4442676871842766e-08,,,,,,,
"$\hat{S}_{x,y,z}\hat{A}_{x,y,z}\hat{T}_{xy}$",,,,,,,,,,,,2.202125573694695e-22,557375917114460.6,,40912049.250709124,,1.734313997717369e-17,,,,
"$\hat{S}_{x,y,z}\hat{A}_{x,y,z}\hat{T}_{xy,yz}$",,,,,,,,,,,,,,,,,7.1444443940644e-19,,,,
"$\hat{S}_{x,y,z}\hat{A}_{x,y,z}\hat{T}_{xy,xz}$",,,,,,,1.3839757153376154e-08,,,,,2.7254954733078394e-19,,5.765968569221939e+16,,,,1887967.2831145988,1.3996889678794327e+18,,
"$\hat{S}_{x,y,z}\hat{A}_{x,y,z}\hat{T}_{xy,xz,yz}$",,,,,,,,,,,,,,,,,5.296701955291778e-07,,,,
$\hat{S}_{x}$,,1e-160,1e-160,,,,,,,,,,,,,,,,,,
$\hat{S}_{y}$,1e+160,,6.19107365307623e-10,,,,,,,,,,,,,,,,,,
$\hat{S}_{z}$,1e+160,1615228724.5090656,,,,,,,,,,,,,,,,,,3.460466290554736e-119,
"$\hat{S}_{x,z}$",,,2.889783965616071e+118,4.4464700795795767e+30,,5529.05721380519,3.2125624651991068e-77,,,,,,,3.039225415660393e-41,,,,2.587365656761429e-18,,,
"$\hat{S}_{y,z}$",,,,,,,,,,,,,,,,,,,,2.248974989379783e-31,
"$\hat{S}_{x,y,z}$",,,,,,,3.269638319652008e-63,,,,,,,,,,,,,0.00018086266090775051,
"$\hat{S}_{x,y,z}\hat{A}_{x}$",,,,,,,7.269313388418694e-51,2.6770108134719195e-31,,,,,,,,,,,,,
"$\hat{S}_{x,y,z}\hat{A}_{y}$",,,,,,,7.93000781248854e-15,,3.735509752024726e+30,,,,,,,,,,,,
"$\hat{S}_{x,y,z}\hat{A}_{z}$",,,,,,3.0584422564096673e+62,,126103280557322.3,1.3756457406186084e+50,4477600800849121.0,,,,7.217511895761575e+30,,,,1.9499637163127114e+18,,3.112779940725674e+76,
"$\hat{S}_{x,y,z}\hat{A}_{y,z}$",,,,,,,2.2333388894569663e-16,,,,1524069.878767276,1.3972606579132385e+48,,,,,,,,,
"$\hat{S}_{x,y,z}\hat{A}_{x,z}$",,,,,,,,,,6.561378936304659e-07,,,,,,,,,,,
"$\hat{S}_{x,y,z}\hat{A}_{x,y,z}$",,,,,,,,,,7.156860778528368e-49,,,,3.4676137893465236e-21,,,,,,,
"$\hat{S}_{x,y,z}\hat{A}_{x,y,z}\hat{T}_{xz}$",,,,,,,,,,,,,2.742944929958462e-10,8.287638912308328e-11,,,,,,,
"$\hat{S}_{x,y,z}\hat{A}_{x,y,z}\hat{T}_{yz}$",,,,,,,,,,,,,,1.6513940767020048e-13,3645716649.56884,,,,,,
"$\hat{S}_{x,y,z}\hat{A}_{x,y,z}\hat{T}_{xy}$",,,,,,,1.385519018800983e-31,,,,,2.8838274985301964e+20,6055489807721.108,,12066162758.549448,,18498981863378.723,1478729.3965068506,,3.2903120474290657e+40,
"$\hat{S}_{x,y,z}\hat{A}_{x,y,z}\hat{T}_{xy,xz}$",,,,,,,,,,,,,,5.4057029050860226e-14,,,,0.13997769754429418,400837.65760793025,,
"$\hat{S}_{x,y,z}\hat{A}_{x,y,z}\hat{T}_{xy,yz}$",,,,,,,,,,,,,,,,,2.494775580637002e-06,,,,
"$\hat{S}_{x,y,z}\hat{A}_{x,y,z}\hat{T}_{xy,xz,yz}$",,,,,,,5.128300550591538e-19,,,,,,,6.762562524030861e-07,,,7.143995204547228,,,3.864934967296763e+17,
$\hat{S}_{x}$,,1e-160,1e-160,,,,,,,,,,,,,,,,,,
$\hat{S}_{y}$,1e+160,,1.6505134655989754e+61,,1.0824475920311302e-52,,,,,,,,,,,,,,,,
$\hat{S}_{z}$,1e+160,6.058720639622879e-62,,,,,,,,,,,,,,,,,,,
"$\hat{S}_{y,z}$",,,,,7.089386199528431e-85,,,,,,,,,,,,,,,,
"$\hat{S}_{x,y}$",,9.238322551243117e+51,,1.4105593514802702e+84,,1.591555006455609e-14,,,,,,,,,,,,,,,
"$\hat{S}_{x,y,z}$",,,,,62831632959202.5,,6.000285057729286e-57,,,,,,,,,,,,,,
"$\hat{S}_{x,y,z}\hat{A}_{y}$",,,,,,,6.531781244199009e-21,,2.0447242259073457e-37,,,,,,,,,,,,
"$\hat{S}_{x,y,z}\hat{A}_{z}$",,,,,,1.6665874877258487e+56,,1.530975950684383e+20,1.2617373897787184e+37,,1584.5311184841485,,,54606020769693.96,,,3.0013154794796115e+17,3.640202666517087,,,
"$\hat{S}_{x,y,z}\hat{A}_{x}$",,,,,,,7.925579507280659e-38,4.890635066233689e+36,,,,,,,,,,,,,
"$\hat{S}_{x,y,z}\hat{A}_{x,z}$",,,,,,,0.000631101521664438,,,3.1129979038200213e+21,,1.0747006614438985e+44,,1.000678333842986e+16,,,197122.90810856887,6.480370125280155e-07,,,
"$\hat{S}_{x,y,z}\hat{A}_{y,z}$",,,,,,,,,,,3.212337530882627e-22,,,,,,,,,,
"$\hat{S}_{x,y,z}\hat{A}_{x,y,z}$",,,,,,,,,,,9.304916577016567e-45,,,1.4260082871975843e-22,,,,,,,
"$\hat{S}_{x,y,z}\hat{A}_{x,y,z}\hat{T}_{xy}$",,,,,,,1.831299893133752e-14,,,,9.993221259819017e-17,7.012581967284474e+21,1.8971039409059388e+45,,4.5880367613326285e+18,,175.09739084372725,210227071.19111365,,,
"$\hat{S}_{x,y,z}\hat{A}_{x,y,z}\hat{T}_{xz}$",,,,,,,,,,,,,1.6840733536426878e+23,2.179581489904067e-19,,,,,,,
"$\hat{S}_{x,y,z}\hat{A}_{x,y,z}\hat{T}_{yz}$",,,,,,,,,,,,,,5.271192465724689e-46,5.9379836266453475e-24,,,,,,
"$\hat{S}_{x,y,z}\hat{A}_{x,y,z}\hat{T}_{xy,xz}$",,,,,,,3.3318723301070196e-18,,,,5.072977106492527e-06,,,0.005711107373909932,,,,0.003338669889580864,8.937404062836893e+41,,
"$\hat{S}_{x,y,z}\hat{A}_{x,y,z}\hat{T}_{xy,yz}$",,,,,,,,,,,,,,,,,1.1188931293351215e-42,,,,
"$\hat{S}_{x,y,z}\hat{A}_{x,y,z}\hat{T}_{xy,xz,yz}$",,,,,,,0.2747099795289121,,,,1543121.7363634282,,,4.756761316866361e-09,,,299.52047763714063,,,,
$\hat{S}_{x}$,,1e-160,1e-160,,,,,,,,,,,,,,,,,,
$\hat{S}_{y}$,1e+160,,6.536772077428477e+42,3.064696041358366e-80,,,,,,,,,,,,,,,,,
$\hat{S}_{z}$,1e+160,1.5298070487312959e-43,,,,,,,,,,,,,,,,,,,
"$\hat{S}_{x,y}$",,,,4.200528772424647e-68,,,,,,,,,,,,,,,,,
"$\hat{S}_{y,z}$",,3.2629663317500476e+79,,,2.3806526610762285e+67,2.823581158486793e-07,,,,,,,,,,,,,,,
"$\hat{S}_{x,y,z}$",,,,3541601.7598584546,,,1.7817334369731991e-40,,,,,,,,,,,,,,
"$\hat{S}_{x,y,z}\hat{A}_{y}$",,,,,,,8.436940745365266e-23,,4.7023371453568034e+36,,,,,,,,,,,,
"$\hat{S}_{x,y,z}\hat{A}_{x}$",,,,,,,2.626933118364242e-50,2.12660208974472e-37,,,,,,,,,,,,,
"$\hat{S}_{x,y,z}\hat{A}_{z}$",,,,,,5.612511833974422e+39,,1.1852637468733416e+22,3.806720441450323e+49,,7.131631686625207e-17,,,,,,,,,,
"$\hat{S}_{x,y,z}\hat{A}_{y,z}$",,,,,,,,,,,4.909040142567086e-38,,,,,,,,,,
"$\hat{S}_{x,y,z}\hat{A}_{x,z}$",,,,,,,1.4022036526022768e+16,,,2.0370581029249225e+37,,6125598810858504.0,,,,86.4689102035445,,,,,
"$\hat{S}_{x,y,z}\hat{A}_{x,y,z}$",,,,,,,,,,,1.6324934604390943e-16,,,,3.0596586229368184e+29,,,,,,
"$\hat{S}_{x,y,z}\hat{A}_{x,y,z}\hat{T}_{xz}$",,,,,,,,,,,,3.268338475748475e-30,5.28627752592127e+27,3.805982241855321e+23,,8.914611555544875e-35,,,,,
"$\hat{S}_{x,y,z}\hat{A}_{x,y,z}\hat{T}_{xy}$",,,,,,,,,,,,,3.898886908726051e-07,,2.6274426322928012e-24,,,,,,
"$\hat{S}_{x,y,z}\hat{A}_{x,y,z}\hat{T}_{yz}$",,,,,,,,,,,,,,2564834.58846142,1.8916903153428826e-28,,,,,,
"$\hat{S}_{x,y,z}\hat{A}_{x,y,z}\hat{T}_{xz,yz}$",,,,,,,,,,,0.011564850275619739,,,,1.1217538686562304e+34,,1.2804159064628384e+27,1.0632798924225095e+21,,,
"$\hat{S}_{x,y,z}\hat{A}_{x,y,z}\hat{T}_{xy,xz}$",,,,,,,,,,,,,,,,7.809962332961872e-28,,,,,
"$\hat{S}_{x,y,z}\hat{A}_{x,y,z}\hat{T}_{xy,xz,yz}$",,,,,,,,,,,,,,,,9.40486138340925e-22,,,,,
$\hat{S}_{x}$,,1e-160,1e-160,,,,,,,,,,,,,,,,,,
$\hat{S}_{y}$,1e+160,,170037414423.4703,9.511531952549516e-98,,,,,,,,,,,,,,,,,
$\hat{S}_{z}$,1e+160,5.881058609310221e-12,,,,,,,,,,,,,,,,,,,
"$\hat{S}_{y,z}$",,1.0513553494733889e+97,,,3.5967032321566e+52,6.168590633215662e-10,,,,,,,,,,,,,,,
"$\hat{S}_{x,y}$",,,,2.7803239117962907e-53,,,,,,,,,,,,,,,,,
"$\hat{S}_{x,y,z}$",,,,1621115842.2725546,,,8.410359655731517e-48,,,,,,,,,,,,,,
"$\hat{S}_{x,y,z}\hat{A}_{x}$",,,,,,,6.596244447056693e-28,5.5470309824465664e-27,,,,,,,,,,,,,
"$\hat{S}_{x,y,z}\hat{A}_{z}$",,,,,,1.1890097937946293e+47,,1591961998497.9685,1.5160141623408294e+27,,27243.864672247593,,,,2.4852745624224224e+16,,,295616574220.7307,,,
"$\hat{S}_{x,y,z}\hat{A}_{y}$",,,,,,,6.281556977763977e-13,,1.802766206218198e+26,,,,,,,,,,,,
"$\hat{S}_{x,y,z}\hat{A}_{y,z}$",,,,,,,,,,,4.226655784285273e-07,,,,,,,,,,
"$\hat{S}_{x,y,z}\hat{A}_{x,z}$",,,,,,,3.670551193930523e-05,,,2365936.6909366143,,5.992755261267206e+18,,,16.083884214303954,,,84.61852277035838,,,
"$\hat{S}_{x,y,z}\hat{A}_{x,y,z}$",,,,,,,,,,,1.668681526948497e-19,,,,3.63437396427311e-27,,,,,,
"$\hat{S}_{x,y,z}\hat{A}_{x,y,z}\hat{T}_{xy}$",,,,,,,,,,,,,0.000771261861014816,,1.6092759066152054e-05,,,,,,
"$\hat{S}_{x,y,z}\hat{A}_{x,y,z}\hat{T}_{yz}$",,,,,,,,,,,,,,1296.576494375352,4.983503532034673e-08,,,,,,
"$\hat{S}_{x,y,z}\hat{A}_{x,y,z}\hat{T}_{xz}$",,,,,,,4.023700299033721e-17,,,,0.06217403623875043,2.75150551327484e+26,20066204.29928176,62139.748435263835,,3.8292925751623745e+31,,460893.2582004734,,,
"$\hat{S}_{x,y,z}\hat{A}_{x,y,z}\hat{T}_{xz,yz}$",,,,,,,,,,,,,,,2.611448408215705e-32,,229.02413717596795,1.45074032304182e-13,,,
"$\hat{S}_{x,y,z}\hat{A}_{x,y,z}\hat{T}_{xy,xz}$",,,,,,,,,,,,,,,,0.0043663520025911595,,,,,
"$\hat{S}_{x,y,z}\hat{A}_{x,y,z}\hat{T}_{xy,xz,yz}$",,,,,,,3.3827602617887076e-12,,,,0.011817743530147008,,,,2.1696997780015975e-06,6893032365042.86,,,,,
$\hat{S}_{x}$,,1e-160,1e-160,,,,,,,,,,,,,,,,,,
$\hat{S}_{y}$,1e+160,,9.711083237884718e-12,,,,,,,,,,,,,,,,,,
$\hat{S}_{z}$,1e+160,102975123938.67828,,,,,,,,,,,,,,,,,,7.470155496665042e-141,
"$\hat{S}_{x,z}$",,,1.3386602199197026e+140,1.1942796206366754e+66,,1.9709517254058796e+71,8.25140481735972e-37,,,,,7.77471193094297e-07,,,,,1.1703150848607918e-21,,,,
"$\hat{S}_{y,z}$",,,,,,,,,,,,,,,,,,,,8.373248464768208e-67,
"$\hat{S}_{x,y,z}$",,,,,,,3.133738498254074e-72,,,,,,,,,,,,,5.073690984461171e-72,
"$\hat{S}_{x,y,z}\hat{A}_{y}$",,,,,,,2.801547424478698e-25,,1.382852351824231e+27,,,,,,,,,,,,
"$\hat{S}_{x,y,z}\hat{A}_{x}$",,,,,,,8.861799934999609e-33,7.231430012617183e-28,,,,,,,,,,,,,
"$\hat{S}_{x,y,z}\hat{A}_{z}$",,,,,,3.1910767301009273e+71,,3.569455905912699e+24,1.1284389258783736e+32,,816282809726.6365,32390267309138.395,,,,,3.084911476402264e+24,,,1.2119148461800707e+36,
"$\hat{S}_{x,y,z}\hat{A}_{y,z}$",,,,,,,,,,,0.0017587271211117084,,,,,,,,,,
"$\hat{S}_{x,y,z}\hat{A}_{x,z}$",,,,,,,1.2250656121680282e-12,,,568.5930398161429,,5325.638062721657,,,,,,,,,
"$\hat{S}_{x,y,z}\hat{A}_{x,y,z}$",,,,,,,3.087347166529453e-14,,,,0.0001877709277691605,,,,840745.1614410331,,4.1659914915998024e-22,,,1286221.2888172092,
"$\hat{S}_{x,y,z}\hat{A}_{x,y,z}\hat{T}_{yz}$",,,,,,,,,,,,,,6.674781192962156e-05,4.983395215631183e-11,,,,,,
"$\hat{S}_{x,y,z}\hat{A}_{x,y,z}\hat{T}_{xy}$",,,,,,,,,,,,,14981.764511687563,,3.416183385332917e-12,,,,,,
"$\hat{S}_{x,y,z}\hat{A}_{x,y,z}\hat{T}_{xz}$",,,,,,,,,,,,1.1894210586784763e-06,20066640447.527557,292724332157.756,,,1.778895524644737e-11,,,,
"$\hat{S}_{x,y,z}\hat{A}_{x,y,z}\hat{T}_{xz,yz}$",,,,,,,,,,,,,,,,,1.1860112600268651e-36,,,,
"$\hat{S}_{x,y,z}\hat{A}_{x,y,z}\hat{T}_{xy,xz}$",,,,,,,3.241584102653851e-25,,,,,2.400388963867003e+21,,,56214656012.45525,8.43162315320133e+35,,2250866.6293550227,,8.544707429101876e+20,
"$\hat{S}_{x,y,z}\hat{A}_{x,y,z}\hat{T}_{xy,xz,yz}$",,,,,,,,,,,,,,,,,4.442733243091112e-07,,,,
$\hat{S}_{x}$,,1e-160,1e-160,,,,,,,,,,,,,,,,,,
$\hat{S}_{y}$,1e+160,,4.809843141892023e-92,,,,,,,,,,,,,,,,,,
$\hat{S}_{z}$,1e+160,2.079069879203244e+91,,,,,,,,,,,,,,,,,,1e-160,
"$\hat{S}_{y,z}$",,,,,,,,,,,,,,,,,,,,7.085317102619515e-19,
"$\hat{S}_{x,z}$",,,1e+160,1.411369435575847e+18,,1.0107161495012828e+16,,1.2926407428221989e-58,,,,,6.683854412206746e-75,,,,,4.694018833778362e-50,,,
"$\hat{S}_{x,y,z}$",,,,,,,,2.4164403289568313e-38,,,,,,,,,,,,9.89397468808062e-17,
"$\hat{S}_{x,y,z}\hat{A}_{x}$",,,,,,,9.878045856711022e-28,0.00017688566161305416,,,,,,,,,,,,,
"$\hat{S}_{x,y,z}\hat{A}_{y}$",,,,,,4.1383186169206853e+37,33141.996113118425,,5653.36947540467,,,,93999.81054641867,,,,,177426869098444.12,,7.736101508116775e+57,938490.0001808326
"$\hat{S}_{x,y,z}\hat{A}_{z}$",,,,,,,,3.017319767303259e-05,1.0123459786538775e+27,,,,,,,,,,,,
"$\hat{S}_{x,y,z}\hat{A}_{y,z}$",,,,,,,,,,,,,,,,,,,,,9.948597186903864e-20
"$\hat{S}_{x,y,z}\hat{A}_{x,y}$",,,,,,,,1.065541454684989e-06,,1.0051668403223523e+19,,6.516553424583722e+27,,,,,,,,,
"$\hat{S}_{x,y,z}\hat{A}_{x,y,z}$",,,,,,,,,,,,,3.114127893850001e-42,,,,,,,,1.5345535206194985e-28
"$\hat{S}_{x,y,z}\hat{A}_{x,y,z}\hat{T}_{xz}$",,,,,,,,,,,,,0.00018464897780201965,1.3848926432066433e+35,,,,,,,
"$\hat{S}_{x,y,z}\hat{A}_{x,y,z}\hat{T}_{xy}$",,,,,,,,,,,,,1.1544747600786373e-33,,7.220776317249795e-36,,,,,,
"$\hat{S}_{x,y,z}\hat{A}_{x,y,z}\hat{T}_{yz}$",,,,,,,,1.0638319313486099e-05,,,,3.211171904579996e+41,,8.661947706261544e+32,5415.6812125556335,,,97342768.88089351,6.05230649648031e+26,1.4961427019919772e+74,
"$\hat{S}_{x,y,z}\hat{A}_{x,y,z}\hat{T}_{xy,yz}$",,,,,,,,,,,,,1.6522626548763605e-27,,,1308.7942906729995,,8.768324650976939e-12,,,
"$\hat{S}_{x,y,z}\hat{A}_{x,y,z}\hat{T}_{xz,yz}$",,,,,,,,,,,,,,,,,,,0.0007640620127444066,,
"$\hat{S}_{x,y,z}\hat{A}_{x,y,z}\hat{T}_{xy,xz,yz}$",,,,,,,,5.6361249289990945e-15,,,,,1.0272976734651735e-08,,,,,,114046872099.85811,2.1303706597936013e+49,
$\hat{S}_{x}$,,1e-160,1e-160,,,,,,,,,,,,,,,,,,
$\hat{S}_{y}$,1e+160,,3.3936518157656546e-18,,,,,,,,,,,,,,,,,,
$\hat{S}_{z}$,1e+160,2.94667825188892e+17,,,,,,,,,,,,,,,,,,2.5552403284191934e-129,
"$\hat{S}_{x,z}$",,,3.913526210736713e+128,25973.67259420498,,9930665490.634762,1.88528413653302e-44,,,,6.7239333539489e-41,,,,,,,,,,
"$\hat{S}_{y,z}$",,,,,,,,,,,,,,,,,,,,3.8500523804366086e-05,
"$\hat{S}_{x,y,z}$",,,,,,,3.069076787054507e-70,,,,,,,,,,,,,1.0069818593155337e-10,
"$\hat{S}_{x,y,z}\hat{A}_{x}$",,,,,,,7.132467087698369e-52,9.549564348509646e-25,,,,,,,,,,,,,
"$\hat{S}_{x,y,z}\hat{A}_{z}$",,,,,,3.2583088315614697e+69,,6.650415732882102e+18,1.4020394173633652e+51,,53992.546737467186,,,,,,,,,5.304240250167116e+43,
"$\hat{S}_{x,y,z}\hat{A}_{y}$",,,,,,,1.5036653950152802e-19,,1.0471681885216734e+24,,,,,,,,,,,,
"$\hat{S}_{x,y,z}\hat{A}_{x,z}$",,,,,,,1.8521074859876308e-05,,,17000624.278887343,,4.943102982809695e+23,,,,,,,,1.4872247349279716e+40,
"$\hat{S}_{x,y,z}\hat{A}_{y,z}$",,,,,,,,,,,5.88213693565286e-08,,,,,,,,,,
"$\hat{S}_{x,y,z}\hat{A}_{x,y,z}$",,,,,,,,,,,2.0230207694997138e-24,,,,10531935402.778591,,,,,,
"$\hat{S}_{x,y,z}\hat{A}_{x,y,z}\hat{T}_{xz}$",,,,,,,,,,,,9.494931005142461e-11,8.110335317701621e+30,1.6049505919279523,,,7025557.202370136,,,,
"$\hat{S}_{x,y,z}\hat{A}_{x,y,z}\hat{T}_{yz}$",,,,,,,,,,,,,,6.835504597191094e-23,1.2329946430419461e-31,,,,,,
"$\hat{S}_{x,y,z}\hat{A}_{x,y,z}\hat{T}_{xy}$",,,,,,,,,,,,,1.462949787804881e+22,,0.6230721400580603,,,,,,
"$\hat{S}_{x,y,z}\hat{A}_{x,y,z}\hat{T}_{xy,xz}$",,,,,,,,,,,,,,,1.423374646586951e-07,27652757.562681474,,5.565567331088602e+39,,,
"$\hat{S}_{x,y,z}\hat{A}_{x,y,z}\hat{T}_{xz,yz}$",,,,,,,,,,,,,,,,,3.616275873150318e-08,,,,
"$\hat{S}_{x,y,z}\hat{A}_{x,y,z}\hat{T}_{xy,xz,yz}$",,,,,,,,,,,,,,,,,1.7967620199545842e-40,,,,
$\hat{S}_{x}$,,1e-160,1e-160,,,,,,,,,,,,,,,,,,
$\hat{S}_{y}$,1e+160,,11.86781940018982,,1.2198353553239229e-51,,,,,,,,,,,,,,,,
$\hat{S}_{z}$,1e+160,0.0842614777221842,,,,,,,,,,,,,,,,,,,
"$\hat{S}_{y,z}$",,,,,3.2856329531467054e-20,,,,,,,,,,,,,,,,
"$\hat{S}_{x,y}$",,8.197827646456874e+50,,3.0435535991391957e+19,,3.38257332776355e-45,,,,,,,,,,,,,,,
"$\hat{S}_{x,y,z}$",,,,,2.9563291113075978e+44,,1.990751006333157e-52,,,,,,,,,,,,,,
"$\hat{S}_{x,y,z}\hat{A}_{y}$",,,,,,,4.889932374915708e-19,,7.719031394979904e+21,,,,,,,,,,,,
"$\hat{S}_{x,y,z}\hat{A}_{z}$",,,,,,5.0232299108161174e+51,,2.0450180561387372e+18,5.296757822932092e+50,9.161060059287706e+22,,,,,,,867801718499.5691,,,,
"$\hat{S}_{x,y,z}\hat{A}_{x}$",,,,,,,1.8879473697486068e-51,1.2954993299422944e-22,,,,,,,,,,,,,
"$\hat{S}_{x,y,z}\hat{A}_{y,z}$",,,,,,,1.091576731871958e-23,,,,75149.65205330866,5.79210285463145e-14,,,,,,,,,
"$\hat{S}_{x,y,z}\hat{A}_{x,z}$",,,,,,,,,,1.3306781504332626e-05,,,,,,,,,,,
"$\hat{S}_{x,y,z}\hat{A}_{x,y,z}$",,,,,,,,,,17264886779425.635,,,,8.167970328988735e-20,,,,,,,
"$\hat{S}_{x,y,z}\hat{A}_{x,y,z}\hat{T}_{xy}$",,,,,,,,,,,,1.2242943592129925e+19,93918747248.0374,,5.21780310561326e+24,,3.6232688177521096e-07,,,,
"$\hat{S}_{x,y,z}\hat{A}_{x,y,z}\hat{T}_{xz}$",,,,,,,,,,,,,56722.57983624341,1.9165153988355943e-25,,,,,,,
"$\hat{S}_{x,y,z}\hat{A}_{x,y,z}\hat{T}_{yz}$",,,,,,,,,,,,,,1.0647501476558471e-11,1.762966358171602e-05,,,,,,
"$\hat{S}_{x,y,z}\hat{A}_{x,y,z}\hat{T}_{xy,xz}$",,,,,,,1.1523369667082498e-12,,,,,,,2759938.7467485894,,,,707163.6447710753,5.27025967835463e+27,,
"$\hat{S}_{x,y,z}\hat{A}_{x,y,z}\hat{T}_{xy,yz}$",,,,,,,,,,,,,,,,,1.8974397108117431e-28,,,,
"$\hat{S}_{x,y,z}\hat{A}_{x,y,z}\hat{T}_{xy,xz,yz}$",,,,,,,,,,,,,,,,,1.4140998443489306e-06,,,,
$\hat{S}_{x}$,,1e-160,1e-160,,,,,,,,,,,,,,,,,,
$\hat{S}_{y}$,1e+160,,236644622.4315898,2.4419736402722143e-65,,,,,,,,,,,,,,,,,
$\hat{S}_{z}$,1e+160,4.22574571830418e-09,,,,,,,,,,,,,,,,,,,
"$\hat{S}_{y,z}$",,4.0950482982630674e+64,,,6.32083926759383e+23,4.0623339645050173e+124,,,,,1.0166909383876864e-79,,,,,,,,4.8973224412980877e-67,,
"$\hat{S}_{x,y}$",,,,1.5820683894413796e-24,,,,,,,,,,,,,,,,,
"$\hat{S}_{x,y,z}$",,,,2.4616390694058727e-125,,,4.661449700121024e-157,,,,,,,,,,,,,,
"$\hat{S}_{x,y,z}\hat{A}_{x}$",,,,,,,6.876228660004687e-32,1.3430491618841007,,,,,,,,,,,,,
"$\hat{S}_{x,y,z}\hat{A}_{y}$",,,,,,,1.0147824328905217e-15,,0.7445743822192978,,,,,,,,,,,,
"$\hat{S}_{x,y,z}\hat{A}_{z}$",,,,,,2.1452553697491087e+156,,985432904225179.4,1.4542855530917123e+31,,3.045922248534152e-26,,,,,,,,,,
"$\hat{S}_{x,y,z}\hat{A}_{x,z}$",,,,9.83583075487861e+78,,,3.2830778936699693e+25,,,2.4717142205564574e+23,,1.78883332519419e+55,,,,,,,7808.213475021449,,
"$\hat{S}_{x,y,z}\hat{A}_{y,z}$",,,,,,,,,,,4.045775161559211e-24,,,,,,,,,,
"$\hat{S}_{x,y,z}\hat{A}_{x,y,z}$",,,,,,,,,,,5.590235747041682e-56,,4.919355584525282e-18,,,,,,,,
"$\hat{S}_{x,y,z}\hat{A}_{x,y,z}\hat{T}_{yz}$",,,,,,,,,,,,2.0327865770583443e+17,,5409404.37814405,31876172.516970187,,,,5.140055848515762e-12,,
"$\hat{S}_{x,y,z}\hat{A}_{x,y,z}\hat{T}_{xz}$",,,,,,,,,,,,,3.137139502766907e-08,28022.784894266093,,,,,,,
"$\hat{S}_{x,y,z}\hat{A}_{x,y,z}\hat{T}_{xy}$",,,,,,,,,,,,,1.8486323633713938e-07,,3.568524697931132e-05,,,,,,
"$\hat{S}_{x,y,z}\hat{A}_{x,y,z}\hat{T}_{xz,yz}$",,,,,,,,,,,,,,,,,,,1.1771842733239002e-21,,
"$\hat{S}_{x,y,z}\hat{A}_{x,y,z}\hat{T}_{xy,yz}$",,,,2.041932121044779e+66,,,,,,,0.0001280702689800951,,194550415301.17987,,,8.494846751362025e+20,,1689449.01824548,,,
"$\hat{S}_{x,y,z}\hat{A}_{x,y,z}\hat{T}_{xy,xz,yz}$",,,,,,,,,,,,,,,,,,,5.919089532743143e-07,,
$\hat{S}_{x}$,,1e-160,1e-160,,,,,,,,,,,,,,,,,,
$\hat{S}_{y}$,1e+160,,1.5581373972372914e-42,,,,,,,,,,,,,,,,,,
$\hat{S}_{z}$,1e+160,6.417919252647963e+41,,,,,,,,,,,,,,,,,,2.125062824606772e-147,
"$\hat{S}_{y,z}$",,,,,,,,,,,,,,,,,,,,2.303417822008016e-22,
"$\hat{S}_{x,z}$",,,4.705743229897418e+146,4.341374762518096e+21,,34406659559418.89,,,,,1.623280902957361e-40,,,,,,1.1313522123961115e-22,8.372314709544926e-29,,,
"$\hat{S}_{x,y,z}$",,,,,,,4.402196374026835e-35,,,,,,,,,,,,,2.906414086124929e-14,
"$\hat{S}_{x,y,z}\hat{A}_{z}$",,,,,,2.2715933480388262e+34,,305163067.9077492,3.2425352108064022e+35,,1.436470134298195e-08,,,,,,,,,,
"$\hat{S}_{x,y,z}\hat{A}_{x}$",,,,,,,3.084006602818987e-36,2.8027360585005132e-24,,,,,,,,,,,,,
"$\hat{S}_{x,y,z}\hat{A}_{y}$",,,,,,,3.2769365141600295e-09,,3.567942107738137e+23,,,,,,,,,,,,
"$\hat{S}_{x,y,z}\hat{A}_{x,z}$",,,,,,,69615091.61403917,,,56721719.30296457,,1.190104141436251e+46,,,,,13780900689.120329,3320307.7036420335,,6.160363238292018e+39,
"$\hat{S}_{x,y,z}\hat{A}_{y,z}$",,,,,,,,,,,1.76299310438521e-08,,,,,,,,,,
"$\hat{S}_{x,y,z}\hat{A}_{x,y,z}$",,,,,,,,,,,8.402625998706063e-47,,,1.709271370111575e-24,,,,,,,
"$\hat{S}_{x,y,z}\hat{A}_{x,y,z}\hat{T}_{xz}$",,,,,,,,,,,,,1.6288081401911007e-13,1.681477541245668e-27,,,,,,,
"$\hat{S}_{x,y,z}\hat{A}_{x,y,z}\hat{T}_{xy}$",,,,,,,,,,,,5.85044608764917e+23,4718862.655934895,,5.9471504999060676e+26,,4.553326359000321e-07,,,,
"$\hat{S}_{x,y,z}\hat{A}_{x,y,z}\hat{T}_{yz}$",,,,,,,,,,,,,,2.1191547050904392e-07,6139458511563.396,,,,,,
"$\hat{S}_{x,y,z}\hat{A}_{x,y,z}\hat{T}_{xy,xz}$",,,,,,,,,,,7.256419754838482e-11,,,2196196.628918005,,,,11683.706041203723,447932.5007744758,8.838980372717721e+21,
"$\hat{S}_{x,y,z}\hat{A}_{x,y,z}\hat{T}_{xy,yz}$",,,,,,,,,,,,,,,,,2.2324792201302625e-06,,,,
"$\hat{S}_{x,y,z}\hat{A}_{x,y,z}\hat{T}_{xy,xz,yz}$",,,,,,,,,,,3.0117690565338374e-07,,,,,,8.55892810443367e-05,,,1.1944128173537741e+28,
$\hat{S}_{x}$,,1e-160,1e-160,,,,,,,,,,,,,,,,,,
$\hat{S}_{y}$,1e+160,,3.649146547638615e-48,,,,,,,,,,,,,,,,,,
$\hat{S}_{z}$,1e+160,2.740366786987785e+47,,,,,,,,,,,,,,,,,,2.3731583349306593e-132,
"$\hat{S}_{y,z}$",,,,,,,,,,,,,,,,,,,,1.2743262923871191e-36,
"$\hat{S}_{x,z}$",,,4.2137938513454425e+131,7.847283744940708e+35,,4.213088465523944e+31,,20399636.31425213,,,,,,4.957453094094571e-14,,,,,1.0212000373398358e-24,,
"$\hat{S}_{x,y,z}$",,,,,,,,1.1400364076293902e-33,,,,,,,,,,,,2.373555666307707e-32,
"$\hat{S}_{x,y,z}\hat{A}_{y}$",,,,,,8.771649688621926e+32,88981399817915.64,,1.9763068247457902e+129,,,,,1.1679257531565217e-19,,,,,1.8539498146268962e-20,4.902048176718492e-08,2.4704779059067116e+40
"$\hat{S}_{x,y,z}\hat{A}_{x}$",,,,,,,1.130612067154407e-110,5.059943058834646e-130,,,,,,,,,,,,,
"$\hat{S}_{x,y,z}\hat{A}_{z}$",,,,,,,,1.1238303758384554e-14,8.844766733446076e+109,,,,,,,,,,,,
"$\hat{S}_{x,y,z}\hat{A}_{y,z}$",,,,,,,,,,,,,,,,,,,,,1.2224364569631016e-19
"$\hat{S}_{x,y,z}\hat{A}_{x,y}$",,,,,,,,4.047799810753544e-41,,8.180384299763929e+18,,39288922421.225044,,,,,,,,,
"$\hat{S}_{x,y,z}\hat{A}_{x,y,z}$",,,,,,,,,,,,,,1.1424744555880596e-26,,,,,,,2.5452466964575498e-11
"$\hat{S}_{x,y,z}\hat{A}_{x,y,z}\hat{T}_{xy}$",,,,,,,,8.56218811253478e+18,,,,8.752930930830095e+25,2664140887043961.5,,3.346094819798744e+20,,,,80279.23757968633,20171648243958.625,
"$\hat{S}_{x,y,z}\hat{A}_{x,y,z}\hat{T}_{xz}$",,,,,,,,,,,,,62839120165364.48,2.988558465477516e-21,,,,,,,
"$\hat{S}_{x,y,z}\hat{A}_{x,y,z}\hat{T}_{yz}$",,,,,,,,,,,,,,3.753555245006451e-16,1.591365374576294e-14,,,,,,
"$\hat{S}_{x,y,z}\hat{A}_{x,y,z}\hat{T}_{xy,yz}$",,,,,,,,5.393889263400844e+19,,,,,,1.2456520890689645e-05,,,15098272.441384515,19310510572.482685,,9.792400738693071e+23,
"$\hat{S}_{x,y,z}\hat{A}_{x,y,z}\hat{T}_{xy,xz}$",,,,,,,,,,,,,,,,,,,6.623274310900564e-08,,
"$\hat{S}_{x,y,z}\hat{A}_{x,y,z}\hat{T}_{xy,xz,yz}$",,,,,,,,,,,,,,,,,,,5.178526980146198e-11,,
$\hat{S}_{x}$,,1e-160,1e-160,,,,,,,,,,,,,,,,,,
$\hat{S}_{y}$,1e+160,,5.638286625243592e-73,,,,,,,,,,,,,,,,,,
$\hat{S}_{z}$,1e+160,1.7735884435580584e+72,,6.231042479739807e-152,,,,,,,,,,,,,,,,,
"$\hat{S}_{y,z}$",,,1.604867890487817e+151,,,3.3864161183477345e+56,,,,5.242392013656356e-15,,,,,,3.41383304812219e-05,,25975574607307.324,,40524997.38105665,
"$\hat{S}_{x,z}$",,,,2.467612744294583e-08,,,,,,,,,,,,,,,,,
"$\hat{S}_{x,y,z}$",,,,2.9529743689263736e-57,,,6.848780526370018e-75,,,,,,,,,,,,,,
"$\hat{S}_{x,y,z}\hat{A}_{x}$",,,,,,,2.1758041308060785e-29,9.90160371516498e-21,,,,,,,,,,,,,
"$\hat{S}_{x,y,z}\hat{A}_{z}$",,,,,,1.4601139518921315e+74,,323705.67632320104,4.596001937129912e+28,1.1798786844443685e-28,,,,,,,,,,,
"$\hat{S}_{x,y,z}\hat{A}_{y}$",,,,,,,3.089226025809813e-06,,1.0099374088951185e+20,,,,,,,,,,,,
"$\hat{S}_{x,y,z}\hat{A}_{x,z}$",,,,,,,,,,1.599765006258863e-43,,,,,,,,,,,
"$\hat{S}_{x,y,z}\hat{A}_{y,z}$",,,,190752617773530.53,,,8.475447630202104e+27,,,,6.250918079140599e+42,2.9379217269730775e+31,,,,4887233368339700.0,,3258537507853.3403,,,
"$\hat{S}_{x,y,z}\hat{A}_{x,y,z}$",,,,,,,,,,3.4037666518443765e-32,,,,,60784.46745467992,,,,,,
"$\hat{S}_{x,y,z}\hat{A}_{x,y,z}\hat{T}_{xz}$",,,,,,,,,,,,1.6451571295670007e-05,4.622851052241008,3577961.5038110474,,4.895497689959289e-10,,,,,
"$\hat{S}_{x,y,z}\hat{A}_{x,y,z}\hat{T}_{yz}$",,,,,,,,,,,,,,46021198.14075384,0.21631672504681554,,,,,,
"$\hat{S}_{x,y,z}\hat{A}_{x,y,z}\hat{T}_{xy}$",,,,,,,,,,,,,2.172911702432308e-08,,2.794887532844764e-07,,,,,,
"$\hat{S}_{x,y,z}\hat{A}_{x,y,z}\hat{T}_{xz,yz}$",,,,29292.586541396893,,,,,,2.0461474307287313e-16,,,,,2042693232.2958894,,14849129117.505571,0.0005460145047010241,,,
"$\hat{S}_{x,y,z}\hat{A}_{x,y,z}\hat{T}_{xy,xz}$",,,,,,,,,,,,,,,,6.734401674917787e-11,,,,,
"$\hat{S}_{x,y,z}\hat{A}_{x,y,z}\hat{T}_{xy,xz,yz}$",,,,3.849770467517145e-14,,,,,,3.0688614066584125e-13,,,,,,1831.4531782403114,,,,,
$\hat{S}_{x}$,,1e-160,1e-160,,,,,,,,,,,,,,,,,,
$\hat{S}_{y}$,1e+160,,1.0729357994335939e-72,,,,,,,,,,,,,,,,,,
$\hat{S}_{z}$,1e+160,9.320222146822793e+71,,,,,,,,,,,,,,,,,,3.4312368401242336e-132,
"$\hat{S}_{x,z}$",,,2.914400977240013e+131,8.180416141201583e+19,,2.2959435133706056e-05,1.1509440750020585e-66,,,,,,,,,,2.498758927943834e-41,,,,
"$\hat{S}_{y,z}$",,,,,,,,,,,,,,,,,,,,1.2224316987535486e-20,
"$\hat{S}_{x,y,z}$",,,,,,,2.274327145714658e-49,,,,,,,,,,,,,43555.078518980205,
"$\hat{S}_{x,y,z}\hat{A}_{y}$",,,,,,,3.853298177518716e-11,,61469330636918.9,,,,,,,,,,,,
"$\hat{S}_{x,y,z}\hat{A}_{x}$",,,,,,,2.243296672057423e-10,1.626827540886533e-14,,,,,,,,,,,,,
"$\hat{S}_{x,y,z}\hat{A}_{z}$",,,,,,4.3969048247268383e+48,,25951793864.131683,4457725152.700634,,3.6009662809665544e+36,,,,,,21.473382727813718,,,8.68851946605843e+65,
"$\hat{S}_{x,y,z}\hat{A}_{y,z}$",,,,,,,,,,,0.00014460639018099773,,,,,,,,,,
"$\hat{S}_{x,y,z}\hat{A}_{x,z}$",,,,,,,2.777032390682605e-37,,,6915.3237194313615,,4.453064021388347e+16,,,,,,,,,
"$\hat{S}_{x,y,z}\hat{A}_{x,y,z}$",,,,,,,,,,,2.24564478569573e-17,,,,8.998797788147126e-44,,,,,,
"$\hat{S}_{x,y,z}\hat{A}_{x,y,z}\hat{T}_{xy}$",,,,,,,,,,,,,344.9773213076534,,1.7613350921261512e-13,,,,,,
"$\hat{S}_{x,y,z}\hat{A}_{x,y,z}\hat{T}_{xz}$",,,,,,,,,,,,1.1112595521561357e+43,59.53571467470102,5677511363228.874,,,2.1804297169555293e-15,,,,
"$\hat{S}_{x,y,z}\hat{A}_{x,y,z}\hat{T}_{yz}$",,,,,,,,,,,,,,0.002898741274381316,0.016796640562121913,,,,,,
"$\hat{S}_{x,y,z}\hat{A}_{x,y,z}\hat{T}_{xy,xz}$",,,,,,,0.04656928126674402,,,,,,,,458625193109306.44,504665874.20059013,,3.2947145222699925e+30,,4.0019867015457744e+40,
"$\hat{S}_{x,y,z}\hat{A}_{x,y,z}\hat{T}_{xz,yz}$",,,,,,,,,,,,,,,,,1.9815090560344263e-09,,,,
"$\hat{S}_{x,y,z}\hat{A}_{x,y,z}\hat{T}_{xy,xz,yz}$",,,,,,,,,,,,,,,,,3.0351643313576677e-31,,,,
$\hat{S}_{x}$,,1e-160,1e-160,,,,,,,,,,,,,,,,,,
$\hat{S}_{y}$,1e+160,,31372045.2152205,3.430701072645577e-108,,,,,,,,,,,,,,,,,
$\hat{S}_{z}$,1e+160,3.1875511881349667e-08,,,,,,,,,,,,,,,,,,,
"$\hat{S}_{y,z}$",,2.914856114901472e+107,,,1.3175671391796476e+52,9.706485392024532e-10,,,,,,,,,,,,,,,
"$\hat{S}_{x,y}$",,,,7.589746057439066e-53,,,,,,,,,,,,,,,,,
"$\hat{S}_{x,y,z}$",,,,1030239020.2139117,,,7.320492093298322e-59,,,,,,,,,,,,,,
"$\hat{S}_{x,y,z}\hat{A}_{y}$",,,,,,,8.037702261497868e-19,,16534.24397529504,,,,,,,,,,,,
"$\hat{S}_{x,y,z}\hat{A}_{z}$",,,,,,1.3660283861456092e+58,,1.2441366543149916e+18,29911372396.340343,,0.03611965858638448,7.061970991374703e-07,,,,,0.03262525391790091,,,,
"$\hat{S}_{x,y,z}\hat{A}_{x}$",,,,,,,3.3432100230959314e-11,6.048053975096589e-05,,,,,,,,,,,,,
"$\hat{S}_{x,y,z}\hat{A}_{y,z}$",,,,,,,,,,,3.1734172407171723e-16,,,,,,,,,,
"$\hat{S}_{x,y,z}\hat{A}_{x,z}$",,,,,,,27.68575449317663,,,3151177182657539.0,,1.591398133868741e-22,,,,,,,,,
"$\hat{S}_{x,y,z}\hat{A}_{x,y,z}$",,,,,,,1416035.2700703137,,,,6.283782660778715e+21,,,,26844989586203.0,,27684404872609.695,,,,
"$\hat{S}_{x,y,z}\hat{A}_{x,y,z}\hat{T}_{xy}$",,,,,,,,,,,,,7.808451968642431e-18,,1.1134966110696208e-23,,,,,,
"$\hat{S}_{x,y,z}\hat{A}_{x,y,z}\hat{T}_{xz}$",,,,,,,,,,,,3.725089915899802e-14,2166.1939676627494,8.980718846008913e+22,,,1.846446708405819e-12,,,,
"$\hat{S}_{x,y,z}\hat{A}_{x,y,z}\hat{T}_{yz}$",,,,,,,,,,,,,,1.2806635732868046e+17,0.00046163917679032523,,,,,,
"$\hat{S}_{x,y,z}\hat{A}_{x,y,z}\hat{T}_{xz,yz}$",,,,,,,,,,,,,,,,,1.7475369779120154e-30,,,,
"$\hat{S}_{x,y,z}\hat{A}_{x,y,z}\hat{T}_{xy,xz}$",,,,,,,30.65110244096269,,,,,3.612141942734614e-14,,,541580753697.12555,5.7223395707186446e+29,,1.5521655488654593e+23,,,
"$\hat{S}_{x,y,z}\hat{A}_{x,y,z}\hat{T}_{xy,xz,yz}$",,,,,,,,,,,,,,,,,6.442611748024819e-24,,,,
$\hat{S}_{x}$,,1e-160,1e-160,,,,,,,,,,,,,,,,,,
$\hat{S}_{y}$,1e+160,,2.0407604298615195e+36,,3.490956417468998e-80,,,,,,,,,,,,,,,,
$\hat{S}_{z}$,1e+160,4.900134211578462e-37,,,,,,,,,,,,,,,,,,,
"$\hat{S}_{x,y}$",,2.864544498452996e+79,,5269.634971273208,,9.10202170857582e-14,,,,,,,,,,,,,,,
"$\hat{S}_{y,z}$",,,,,0.00018976646493568943,,,,,,,,,,,,,,,,
"$\hat{S}_{x,y,z}$",,,,,10986570149111.066,,2.3054590298757046e-85,,,,,,,,,,,,,,
"$\hat{S}_{x,y,z}\hat{A}_{z}$",,,,,,4.337530995091739e+84,,3038258733500.102,2.2459970863658274e+46,,250598637412.6941,,,,,,1.094281830143506e+25,,,,
"$\hat{S}_{x,y,z}\hat{A}_{x}$",,,,,,,4.452365526520191e-47,3.3470224476605874e-40,,,,,,,,,,,,,
"$\hat{S}_{x,y,z}\hat{A}_{y}$",,,,,,,3.2913589253407353e-13,,2.987730185971574e+39,,,,,,,,,,,,
"$\hat{S}_{x,y,z}\hat{A}_{y,z}$",,,,,,,,,,,1.7491232672483008e-05,,,,,,,,,,
"$\hat{S}_{x,y,z}\hat{A}_{x,z}$",,,,,,,3.990444682080082e-12,,,57171.499500614824,,334416174083215.56,,,,,,,,,
"$\hat{S}_{x,y,z}\hat{A}_{x,y,z}$",,,,,,,,,,,2.9902859894305283e-15,,,,0.024153631988367667,,,,,,
"$\hat{S}_{x,y,z}\hat{A}_{x,y,z}\hat{T}_{xy}$",,,,,,,,,,,,,106809270602673.6,,3.3514563540677326e-13,,,,,,
"$\hat{S}_{x,y,z}\hat{A}_{x,y,z}\hat{T}_{yz}$",,,,,,,,,,,,,,9.362483184816062e-15,9.063579107908319e-09,,,,,,
"$\hat{S}_{x,y,z}\hat{A}_{x,y,z}\hat{T}_{xz}$",,,,,,,,,,,,41.401640982258805,110331689.9531954,2983777481649.9673,,,3.1859169344842226e-25,,,,
"$\hat{S}_{x,y,z}\hat{A}_{x,y,z}\hat{T}_{xy,xz}$",,,,,,,9.138413637635363e-26,,,,,,,,3.138813787566288e+24,6.360192252480055e+29,,204901206.02816617,,,
"$\hat{S}_{x,y,z}\hat{A}_{x,y,z}\hat{T}_{xz,yz}$",,,,,,,,,,,,,,,,,1.572279516566604e-30,,,,
"$\hat{S}_{x,y,z}\hat{A}_{x,y,z}\hat{T}_{xy,xz,yz}$",,,,,,,,,,,,,,,,,4.880400752070428e-09,,,,
$\hat{S}_{x}$,,1e-160,1e-160,,,,,,,,,,,,,,,,,,
$\hat{S}_{y}$,1e+160,,4.6614695493570504e-17,,,,,,,,,,,,,,,,,,
$\hat{S}_{z}$,1e+160,2.1452462349302024e+16,,5.674176370569248e-104,,,,,,,,,,,,,,,,,
"$\hat{S}_{y,z}$",,,1.762370315429017e+103,,,8.588359685268174e+30,,,,,,64278076655704.89,,,,,6.610946896930817e-24,,,16966.056594282152,
"$\hat{S}_{x,z}$",,,,5.8941215623259025e-05,,,,,,,,,,,,,,,,,
"$\hat{S}_{x,y,z}$",,,,1.1643666970717641e-31,,,2.475256110620306e-50,,,,,,,,,,,,,,
"$\hat{S}_{x,y,z}\hat{A}_{z}$",,,,,,4.03998598653857e+49,,2.207945820559517e+66,4.350017172784061e+54,5.578005500029606e-20,,,,,,,,,,,
"$\hat{S}_{x,y,z}\hat{A}_{x}$",,,,,,,2.2988414994232963e-55,2921849311.3108788,,,,,,,,,,,,,
"$\hat{S}_{x,y,z}\hat{A}_{y}$",,,,,,,4.529096641268985e-67,,3.4224899830695e-10,,,,,,,,,,,,
"$\hat{S}_{x,y,z}\hat{A}_{y,z}$",,,,,,,1.7927554929709058e+19,,,,9.933861700399874e+28,1.321560132722375e-06,,,,,,,,,
"$\hat{S}_{x,y,z}\hat{A}_{x,z}$",,,,,,,,,,1.0066578639400086e-29,,,,,,,,,,,
"$\hat{S}_{x,y,z}\hat{A}_{x,y,z}$",,,,1.555740389303087e-14,,,,,,756681.4216315903,,,,49076301.21902244,,,5.237503000553874e-10,,,,
"$\hat{S}_{x,y,z}\hat{A}_{x,y,z}\hat{T}_{yz}$",,,,,,,,,,,,,,6.261498192865492e-45,7.88686918547508e-29,,,,,,
"$\hat{S}_{x,y,z}\hat{A}_{x,y,z}\hat{T}_{xz}$",,,,,,,,,,,,,1.2679302477105345e+28,4.120785055664942e-17,,,,,,,
"$\hat{S}_{x,y,z}\hat{A}_{x,y,z}\hat{T}_{xy}$",,,,,,,,,,,,2.0376433740128537e-08,1.5970618679398887e+44,,2.4267220602182976e+16,,3.2202088788289166e-13,,,,
"$\hat{S}_{x,y,z}\hat{A}_{x,y,z}\hat{T}_{xy,xz}$",,,,1.51264261472779e+23,,,,,,,,1909306782.0567331,,3105388618031.7188,,,,7.113616265650895e+30,2.5999192207110813e+36,,
"$\hat{S}_{x,y,z}\hat{A}_{x,y,z}\hat{T}_{xy,yz}$",,,,,,,,,,,,,,,,,3.846273345856102e-37,,,,
"$\hat{S}_{x,y,z}\hat{A}_{x,y,z}\hat{T}_{xy,xz,yz}$",,,,,,,,,,,,,,,,,1.4057547703671364e-31,,,,
$\hat{S}_{x}$,,1e-160,1e-160,,,,,,,,,,,,,,,,,,
$\hat{S}_{y}$,1e+160,,102967.30983140873,2.2596051911773562e-70,,,,,,,,,,,,,,,,,
$\hat{S}_{z}$,1e+160,9.711820204269958e-06,,,,,,,,,,,,,,,,,,,
"$\hat{S}_{y,z}$",,4.425551879171223e+69,,,1.3812948481074586e+27,3.1137207894107815e-39,,,,,,,,,,,,,,,
"$\hat{S}_{x,y}$",,,,7.239583940895177e-28,,,,,,,,,,,,,,,,,
"$\hat{S}_{x,y,z}$",,,,3.211591750297023e+38,,,7.027044870942085e-45,,,,,,,,,,,,,,
"$\hat{S}_{x,y,z}\hat{A}_{z}$",,,,,,1.423073309429337e+44,,1.5302208723618666e+19,2.427789752517149e+27,417028612219.3689,,,,2.816095236017047e-06,,,,,,,
"$\hat{S}_{x,y,z}\hat{A}_{x}$",,,,,,,4.118972818643761e-28,8.454632069252434e-06,,,,,,,,,,,,,
"$\hat{S}_{x,y,z}\hat{A}_{y}$",,,,,,,6.53500431252463e-20,,118278.3581602293,,,,,,,,,,,,
"$\hat{S}_{x,y,z}\hat{A}_{y,z}$",,,,,,,2.397917003051991e-12,,,,152733488.89744973,2569011833975.176,,,,,,,,,
"$\hat{S}_{x,y,z}\hat{A}_{x,z}$",,,,,,,,,,6.5473525630743156e-09,,,,,,,,,,,
"$\hat{S}_{x,y,z}\hat{A}_{x,y,z}$",,,,,,,,,,3.892547269634971e-13,,,,2.4577630678415324e-35,,,,,,,
"$\hat{S}_{x,y,z}\hat{A}_{x,y,z}\hat{T}_{yz}$",,,,,,,,,,,,,,1.2509279134415204e-31,612.1497194531353,,,,,,
"$\hat{S}_{x,y,z}\hat{A}_{x,y,z}\hat{T}_{xy}$",,,,,,,355101.62696569634,,,,,4.068740445669665e+34,7.994065759143755e+30,,1.478207057395709e+19,,1849863.3322272731,,,,
"$\hat{S}_{x,y,z}\hat{A}_{x,y,z}\hat{T}_{xz}$",,,,,,,,,,,,,0.0016335872879160204,6.764952142508306e-20,,,,,,,
"$\hat{S}_{x,y,z}\hat{A}_{x,y,z}\hat{T}_{xy,xz}$",,,,,,,,,,,,,,5.405804756376135e-07,,,,5167512433.851275,74186.71192775595,,
"$\hat{S}_{x,y,z}\hat{A}_{x,y,z}\hat{T}_{xy,yz}$",,,,,,,,,,,,,,,,,1.3479502919253435e-05,,,,
"$\hat{S}_{x,y,z}\hat{A}_{x,y,z}\hat{T}_{xy,xz,yz}$",,,,,,,,,,,,,,,,,1.9351670901635623e-10,,,,
$\hat{S}_{x}$,,1e-160,1e-160,,,,,,,,,,,,,,,,,,
$\hat{S}_{y}$,1e+160,,4.2318757042558556e-52,,,,,,,,,,,,,,,,,,
$\hat{S}_{z}$,1e+160,2.3630183632150008e+51,,2.2803319339188765e-121,,,,,,,,,,,,,,,,,
"$\hat{S}_{y,z}$",,,4.3853264742972954e+120,,,2.3540429404285202e+69,,,,,,,,,,5.6405365764401255e-14,,,,5.944773627708756e+61,0.018692766973068032
"$\hat{S}_{x,z}$",,,,1.6821498388752299e-62,,,,,,,,,,,,,,,,,
"$\hat{S}_{x,y,z}$",,,,4.2480108702603535e-70,,,,2.15994801194474e-62,,,,,,,,,,,,,
"$\hat{S}_{x,y,z}\hat{A}_{z}$",,,,,,,,0.11038339883790124,2.9363219498523995e+77,,,,,,,,,,,,
"$\hat{S}_{x,y,z}\hat{A}_{x}$",,,,,,,3.4056211038107287e-78,3.293639205548643e-40,,,,,,,,,,,,,
"$\hat{S}_{x,y,z}\hat{A}_{y}$",,,,,,4.6297410607565306e+61,9.059333292214589,,3.036155260464916e+39,,,,,,,,,,,,1.8964238914605691e-22
"$\hat{S}_{x,y,z}\hat{A}_{x,y}$",,,,53.496627943887034,,,,5.273082692655964e+21,,3343241.6043095374,,1.248501101137748e+36,,,,0.645212541966911,,,,,
"$\hat{S}_{x,y,z}\hat{A}_{y,z}$",,,,,,,,,,,,,,,,,,,,,2.9911089844986683e-07
"$\hat{S}_{x,y,z}\hat{A}_{x,y,z}$",,,,,,,,,,,,,,,3.0968945247813415e-08,,,,,,8.009604469621283e-37
"$\hat{S}_{x,y,z}\hat{A}_{x,y,z}\hat{T}_{xy}$",,,,,,,,,,,,,317614346.4447516,,8.512825307465073e-10,,,,,,
"$\hat{S}_{x,y,z}\hat{A}_{x,y,z}\hat{T}_{yz}$",,,,,,,,,,,,,,3.1484723885857214e-09,2.3619971108655203e-19,,,,,,
"$\hat{S}_{x,y,z}\hat{A}_{x,y,z}\hat{T}_{xz}$",,,,,,,,,,,,32290411.95940006,4.2337054325759283e+18,1174698133.5598173,,6.882593380198556e-17,,,,,
"$\hat{S}_{x,y,z}\hat{A}_{x,y,z}\hat{T}_{xy,xz}$",,,,,,,,,,,,,,,,0.9737475177317829,,,,,
"$\hat{S}_{x,y,z}\hat{A}_{x,y,z}\hat{T}_{xz,yz}$",,,,17728809776305.42,,,,,,,,,,,1.4529406936592134e+16,,1.026960255908399,4.588911256867938e+26,,,1.5498768777053373
"$\hat{S}_{x,y,z}\hat{A}_{x,y,z}\hat{T}_{xy,xz,yz}$",,,,,,,,,,,,,,,,2.1791661333684806e-27,,,,,
$\hat{S}_{x}$,,1e-160,1e-160,,,,,,,,,,,,,,,,,,
$\hat{S}_{y}$,1e+160,,4.696980150601717e-16,,,,,,,,,,,,,,,,,,
$\hat{S}_{z}$,1e+160,2129027519675365.8,,,,,,,,,,,,,,,,,,3.765645053448872e-150,
"$\hat{S}_{y,z}$",,,,,,,,,,,,,,,,,,,,1.1072615413524898e-26,
"$\hat{S}_{x,z}$",,,2.6555875176926776e+149,9.031289922510333e+25,,6.511241840349878e+51,,,,,4.337552335150172e-53,,,,,,2.8103199519864756e-20,,,,
"$\hat{S}_{x,y,z}$",,,,,,,3.33844209678977e-98,,,,,,,,,,,,,1.5358053417752726e-52,
"$\hat{S}_{x,y,z}\hat{A}_{y}$",,,,,,,7.219490617093367e-32,,7.621520408540287e+20,,,,,,,,,,,,
"$\hat{S}_{x,y,z}\hat{A}_{x}$",,,,,,,1.4353331416588504e-60,1.3120741615799533e-21,,,,,,,,,,,,,
"$\hat{S}_{x,y,z}\hat{A}_{z}$",,,,,,2.995409148960814e+97,,1.3851392751066545e+31,6.967023689317694e+59,,1.3953262633801286e-20,,,,,,,,,,
"$\hat{S}_{x,y,z}\hat{A}_{x,z}$",,,,,,,7.166782610237231e+19,,,3.263360677821066e+31,,3.034595100524543e+27,,,,,1.28094796224313e+61,,,2.3054476873888338e+52,
"$\hat{S}_{x,y,z}\hat{A}_{y,z}$",,,,,,,,,,,3.064325702017395e-32,,,,,,,,,,
"$\hat{S}_{x,y,z}\hat{A}_{x,y,z}$",,,,,,,,,,,3.2953325464314684e-28,,,,33099806342.000546,,,,,,
"$\hat{S}_{x,y,z}\hat{A}_{x,y,z}\hat{T}_{xy}$",,,,,,,,,,,,,1.9596815523126405e+18,,9.655085449071275e-06,,,,,,
"$\hat{S}_{x,y,z}\hat{A}_{x,y,z}\hat{T}_{xz}$",,,,,,,,,,,,3.021165712172442e-11,8587952169794635.0,103572.36145395173,,,0.49979275234214465,,,,
"$\hat{S}_{x,y,z}\hat{A}_{x,y,z}\hat{T}_{yz}$",,,,,,,,,,,,,,5.102869896488487e-19,1.1644219485958236e-16,,,,,,
"$\hat{S}_{x,y,z}\hat{A}_{x,y,z}\hat{T}_{xy,xz}$",,,,,,,,,,,7.8067183794793e-62,,,,2.0008293343866397,4.75817504742703,,3.6736321365727925e+34,,3.5583137047906222e+19,
"$\hat{S}_{x,y,z}\hat{A}_{x,y,z}\hat{T}_{xz,yz}$",,,,,,,,,,,,,,,,,0.2101646093370918,,,,
"$\hat{S}_{x,y,z}\hat{A}_{x,y,z}\hat{T}_{xy,xz,yz}$",,,,,,,,,,,,,,,,,2.7221016226543594e-35,,,,
$\hat{S}_{x}$,,1e-160,1e-160,,,,,,,,,,,,,,,,,,
$\hat{S}_{y}$,1e+160,,1.4441924751078183e+79,2.4485913719668895e-81,,,,,,,,,,,,,,,,,
$\hat{S}_{z}$,1e+160,6.924284797463327e-80,,,,,,,,,,,,,,,,,,,
"$\hat{S}_{y,z}$",,4.083980738675584e+80,,,1.757095209494283e+45,4.992427961548607e-31,,,,,,,,,,,,,,,
"$\hat{S}_{x,y}$",,,,5.691211236571604e-46,,,,,,,,,,,,,,,,,
"$\hat{S}_{x,y,z}$",,,,2.0030334091987758e+30,,,5.0393277877493123e-45,,,,,,,,,,,,,,
"$\hat{S}_{x,y,z}\hat{A}_{y}$",,,,,,,2.0427147917411913e-16,,993583280417.5784,,,,,,,,,,,,
"$\hat{S}_{x,y,z}\hat{A}_{x}$",,,,,,,9.939548210242142e-22,1.006458159782766e-12,,,,,,,,,,,,,
"$\hat{S}_{x,y,z}\hat{A}_{z}$",,,,,,1.9843916532498964e+44,,4895446021358710.0,1.0060819454243972e+21,,6.6408424935391554e-18,,,,,,,,,,
"$\hat{S}_{x,y,z}\hat{A}_{x,z}$",,,,,,,1.50583303394546e+17,,,58294132471407.87,,3.6584667298113286e+25,5.907691065052008e+20,,,,,,1.0861736932468429e+39,,
"$\hat{S}_{x,y,z}\hat{A}_{y,z}$",,,,,,,,,,,1.7154385143144217e-14,,,,,,,,,,
"$\hat{S}_{x,y,z}\hat{A}_{x,y,z}$",,,,,,,,,,,2.733385524190816e-26,,1.6744418010883675e-09,,,,,,,,
"$\hat{S}_{x,y,z}\hat{A}_{x,y,z}\hat{T}_{yz}$",,,,,,,,,,,1.6927086893823492e-21,597213948.7619169,,965759.6531835147,1011073492584890.8,,,,3152.3185809287106,,
"$\hat{S}_{x,y,z}\hat{A}_{x,y,z}\hat{T}_{xz}$",,,,,,,,,,,,,9.890477866682268e-16,11998198.94779288,,,,,,,
"$\hat{S}_{x,y,z}\hat{A}_{x,y,z}\hat{T}_{xy}$",,,,,,,,,,,,,1.0354543148531997e-06,,8.334584251780174e-08,,,,,,
"$\hat{S}_{x,y,z}\hat{A}_{x,y,z}\hat{T}_{xy,yz}$",,,,,,,,,,,9.206630635757267e-40,,0.00031722682029980236,,,65239371251.558395,,28390956423165.51,,,
"$\hat{S}_{x,y,z}\hat{A}_{x,y,z}\hat{T}_{xz,yz}$",,,,,,,,,,,,,,,,,,,1.5328167344594275e-11,,
"$\hat{S}_{x,y,z}\hat{A}_{x,y,z}\hat{T}_{xy,xz,yz}$",,,,,,,,,,,,,,,,,,,3.5222483705552557e-14,,
$\hat{S}_{x}$,,1e-160,1e-160,,,,,,,,,,,,,,,,,,
$\hat{S}_{y}$,1e+160,,1.5254732568737232e-66,,,,,,,,,,,,,,,,,,
$\hat{S}_{z}$,1e+160,6.555342714098978e+65,,4.055024580278618e-69,,,,,,,,,,,,,,,,,
"$\hat{S}_{x,z}$",,,,2.1509754414370243e-30,,,,,,,,,,,,,,,,,
"$\hat{S}_{y,z}$",,,2.466076296709626e+68,,,1.811601599435168e-66,,,,,,,,,,,,,,4.6490535444324725e+29,
"$\hat{S}_{x,y,z}$",,,,5.519977462549084e+65,,,0.11658168506292266,,,0.4461639478645009,,,11.589689277042414,,,,,,,,
"$\hat{S}_{x,y,z}\hat{A}_{x}$",,,,,,,6.708539152186165e-33,30977782.796075366,,,,,,,,,,,,,
"$\hat{S}_{x,y,z}\hat{A}_{z}$",,,,,,8.57767666902627,,3.1754991301558115e+42,1.4906374954584889e+32,326.6809626436039,,,8.818120336842371e-23,,,,,,,,
"$\hat{S}_{x,y,z}\hat{A}_{y}$",,,,,,,3.1491112389343757e-43,,3.2281199935545154e-08,,,,,,,,,,,,
"$\hat{S}_{x,y,z}\hat{A}_{y,z}$",,,,,,2.2413285627096386,0.0030610905266951864,,,,258624.37150703432,5.844855021246791e+20,2.388510776152691e-13,,,,,,,,
"$\hat{S}_{x,y,z}\hat{A}_{x,z}$",,,,,,,,,,3.866611619674061e-06,,,,,,,,,,,
"$\hat{S}_{x,y,z}\hat{A}_{x,y,z}$",,,,,,,,,,1.7109064234525458e-21,,,1.9733568338217457e-27,,,,,,,,
"$\hat{S}_{x,y,z}\hat{A}_{x,y,z}\hat{T}_{xz}$",,,,,,,,,,,,,1.0991127118627933e-10,1658.88439345075,,,,,,,
"$\hat{S}_{x,y,z}\hat{A}_{x,y,z}\hat{T}_{xy}$",,,,,,,,,,,,,1.2770878964763376e-06,,0.0006028147615035651,,,,,,
"$\hat{S}_{x,y,z}\hat{A}_{x,y,z}\hat{T}_{yz}$",,,,,,0.08628359018915745,1.1340285251290686e+22,,,4186709182910.853,,5.06750721846554e+26,,783031.459901185,9098247970.448677,4.1017434964044485e+26,,,,,
"$\hat{S}_{x,y,z}\hat{A}_{x,y,z}\hat{T}_{xz,yz}$",,,,,,,,,,,,,2.43798765299827e-27,,,,,140136.5703961928,21554956794702.273,,
"$\hat{S}_{x,y,z}\hat{A}_{x,y,z}\hat{T}_{xy,yz}$",,,,,,,,,,,,,,,,4.639304126305545e-14,,,,,
"$\hat{S}_{x,y,z}\hat{A}_{x,y,z}\hat{T}_{xy,xz,yz}$",,,,,,,,,,,,,,,,7.1358960560602366e-06,,,,,
$\hat{S}_{x}$,,1e-160,1e-160,,,,,,,,,,,,,,,,,,
$\hat{S}_{y}$,1e+160,,2.389537019386025e+111,1.372273277562218e-133,,,,,,,,,,,,,,,,,
$\hat{S}_{z}$,1e+160,4.184911101552815e-112,,,,,,,,,,,,,,,,,,,
"$\hat{S}_{y,z}$",,7.28717826362148e+132,,,2.89167883905389e+16,3.4229580517907274e-23,,,,,,,,,,,,,,,
"$\hat{S}_{x,y}$",,,,3.458198699296716e-17,,,,,,,,,,,,,,,,,
"$\hat{S}_{x,y,z}$",,,,2.921449766165986e+22,,,4.656331880377255e-74,,,,,,,,,,,,,,
"$\hat{S}_{x,y,z}\hat{A}_{y}$",,,,,,,2.1487241917503227e-07,,19029.98647518018,,,,,,,,,,,,
"$\hat{S}_{x,y,z}\hat{A}_{z}$",,,,,,2.1476132408306348e+73,,4653924.425663087,8.383379156420737e+25,3.0024735879985503e-06,,,,,,,,,,,
"$\hat{S}_{x,y,z}\hat{A}_{x}$",,,,,,,1.1928364223322896e-26,5.254864480877314e-05,,,,,,,,,,,,,
"$\hat{S}_{x,y,z}\hat{A}_{y,z}$",,,,,,,333058.71665189246,,,,7.592422877810374e+44,1.6166901649760352e+62,,,,,153739382031888.9,,,,
"$\hat{S}_{x,y,z}\hat{A}_{x,z}$",,,,,,,,,,1.3171026115031098e-45,,,,,,,,,,,
"$\hat{S}_{x,y,z}\hat{A}_{x,y,z}$",,,,,,,,,,6.185477104172421e-63,,,,,5.582010863747273e-18,,,,,,
"$\hat{S}_{x,y,z}\hat{A}_{x,y,z}\hat{T}_{xy}$",,,,,,,,,,,,,13127001.71376253,,3.5474036144397855e-15,,,,,,
"$\hat{S}_{x,y,z}\hat{A}_{x,y,z}\hat{T}_{yz}$",,,,,,,,,,,,,,7.617885803668223e-08,7.968656031832378e-09,,,,,,
"$\hat{S}_{x,y,z}\hat{A}_{x,y,z}\hat{T}_{xz}$",,,,,,,,,,,,1.7914691038933014e+17,125491675.88678713,281896313103329.4,,,6.175734132128546e-25,,,,
"$\hat{S}_{x,y,z}\hat{A}_{x,y,z}\hat{T}_{xy,xz}$",,,,,,,,,,6.5045142421125266e-15,,,,,1.6192406904267706e+24,1.1187079331434628e+16,,9661587.364839524,,,
"$\hat{S}_{x,y,z}\hat{A}_{x,y,z}\hat{T}_{xz,yz}$",,,,,,,,,,,,,,,,,8.938883602890838e-17,,,,
"$\hat{S}_{x,y,z}\hat{A}_{x,y,z}\hat{T}_{xy,xz,yz}$",,,,,,,,,,,,,,,,,1.0350266081940146e-07,,,,
$\hat{S}_{x}$,,1e-160,1e-160,,,,,,,,,,,,,,,,,,
$\hat{S}_{y}$,1e+160,,2.328274028351507e-44,,,,,,,,,,,,,,,,,,
$\hat{S}_{z}$,1e+160,4.2950270793856355e+43,,,,,,,,,,,,,,,,,,4.193156170715518e-100,
"$\hat{S}_{y,z}$",,,,,,,,,,,,,,,,,,,,1.6748949341177778e-53,
"$\hat{S}_{x,z}$",,,2.3848384350286686e+99,5.970523760206684e+52,,6.694347172509499e+43,3.5996089309670325e-23,,,,,,,,,,5.2197538292715384e-23,,,,
"$\hat{S}_{x,y,z}$",,,,,,,4.719427944033886e-77,,,,,,,,,,,,,1.4937976388594313e-44,
"$\hat{S}_{x,y,z}\hat{A}_{z}$",,,,,,2.1189008749760876e+76,,1128239.512726135,1.1883305178252918e+105,26352269.32429113,,,,,,,0.06618088327715699,,,2.7780795613576574e+22,
"$\hat{S}_{x,y,z}\hat{A}_{y}$",,,,,,,8.863366233147842e-07,,2.961370368867106e+38,,,,,,,,,,,,
"$\hat{S}_{x,y,z}\hat{A}_{x}$",,,,,,,8.415167203061091e-106,3.376815039797124e-39,,,,,,,,,,,,,
"$\hat{S}_{x,y,z}\hat{A}_{y,z}$",,,,,,,3.794739601717014e-08,,,,9.724718352820102e+35,2.622011830803452e+38,,,,,,,,,
"$\hat{S}_{x,y,z}\hat{A}_{x,z}$",,,,,,,,,,1.028307415926351e-36,,,,,,,,,,,
"$\hat{S}_{x,y,z}\hat{A}_{x,y,z}$",,,,,,,,,,3.8138653237639064e-39,,,,3.8758036511610685e-09,,,,,,,
"$\hat{S}_{x,y,z}\hat{A}_{x,y,z}\hat{T}_{xy}$",,,,,,,,,,,,258011006.23361856,30053.638811736888,,191495570818.53384,,5.511254063158833e-26,,,,
"$\hat{S}_{x,y,z}\hat{A}_{x,y,z}\hat{T}_{yz}$",,,,,,,,,,,,,,3.327384102351921e-05,1.556999993127599,,,,,,
"$\hat{S}_{x,y,z}\hat{A}_{x,y,z}\hat{T}_{xz}$",,,,,,,,,,,,,0.642260760702552,5.2220528951430725e-12,,,,,,,
"$\hat{S}_{x,y,z}\hat{A}_{x,y,z}\hat{T}_{xy,xz}$",,,,,,,15.110103559847172,,,,,,,1.814469063737627e+25,,,,1.1509696743358513e+18,1040023708251.5005,1.915799159707803e+22,
"$\hat{S}_{x,y,z}\hat{A}_{x,y,z}\hat{T}_{xy,yz}$",,,,,,,,,,,,,,,,,9.615165424269137e-13,,,,
"$\hat{S}_{x,y,z}\hat{A}_{x,y,z}\hat{T}_{xy,xz,yz}$",,,,,,,,,,,,,,,,,8.688326220037328e-19,,,,
$\hat{S}_{x}$,,1e-160,1e-160,,,,,,,,,,,,,,,,,,
$\hat{S}_{y}$,1e+160,,1.1669342721302154e-145,,,,,,,,,,,,,,,,,,
$\hat{S}_{z}$,1e+160,8.569462941340473e+144,,,,,,,,,,,,,,,,,,5.366519340908295e-123,
"$\hat{S}_{y,z}$",,,,,,,,,,,,,,,,,,,,0.004044477998248923,
"$\hat{S}_{x,z}$",,,1.863405191475091e+122,247.250695994132,,4.882308623419451e+25,6.434120591203142e-31,,,3.958140408143399e-36,,,,3.6242276804578745e-35,,,,1.4250044970006333e-30,,,
"$\hat{S}_{x,y,z}$",,,,,,,4.4617575149681463e-38,,,,,,,,,,,,,2.0482113629671042e-26,
"$\hat{S}_{x,y,z}\hat{A}_{y}$",,,,,,,5.9206777684057594e-24,,2.3253833578003223e+34,,,,,,,,,,,,
"$\hat{S}_{x,y,z}\hat{A}_{x}$",,,,,,,3.137755221745298e-31,4.300366202611607e-35,,,,,,,,,,,,,
"$\hat{S}_{x,y,z}\hat{A}_{z}$",,,,,,2.241269268097236e+37,,1.6889958195939222e+23,3.186991748335853e+30,0.05501928967461393,,,,4.048182214990844,,,,7.494488500855498e-10,,1.5542139532902444e+30,
"$\hat{S}_{x,y,z}\hat{A}_{x,z}$",,,,,,,,,,0.000830483722754486,,,,,,,,,,,
"$\hat{S}_{x,y,z}\hat{A}_{y,z}$",,,,,,,18.17544366555868,,,,1204.1175192251515,9.975446921438216e+17,,2.2254991303918127e-05,,,,6650972053.984927,,2.5264389255687345e+35,
"$\hat{S}_{x,y,z}\hat{A}_{x,y,z}$",,,,,,,,,,1.0024613512311932e-18,,,,0.004105644850712399,,,,,,,
"$\hat{S}_{x,y,z}\hat{A}_{x,y,z}\hat{T}_{xy}$",,,,,,,0.24702445366636286,,,44933.74031666972,,243.56709758431322,552852874137.1914,,4.03425715718312e+25,,8134191.949282491,0.0015367101627197538,,2.759208549154017e+34,
"$\hat{S}_{x,y,z}\hat{A}_{x,y,z}\hat{T}_{xz}$",,,,,,,,,,,,,2.601643234011148e-13,2.4787710873102596e-26,,,,,,,
"$\hat{S}_{x,y,z}\hat{A}_{x,y,z}\hat{T}_{yz}$",,,,,,,,,,,,,,1.808799495816401e-12,3843724561950.1226,,,,,,
"$\hat{S}_{x,y,z}\hat{A}_{x,y,z}\hat{T}_{xy,xz}$",,,,,,,,,,,,,,1.2293784142728634e-07,,,,1.3487042419085716e-11,272851485913948.22,,
"$\hat{S}_{x,y,z}\hat{A}_{x,y,z}\hat{T}_{xy,yz}$",,,,,,,,,,,,,,,,,3.6649974496212914e-15,,,,
"$\hat{S}_{x,y,z}\hat{A}_{x,y,z}\hat{T}_{xy,xz,yz}$",,,,,,,1334313875.971455,,,1.5035396208000158e-10,,,,650.740799572865,,,74145240218.48445,,,7.017521713824849e+29,
$\hat{S}_{x}$,,1e-160,1e-160,,,,,,,,,,,,,,,,,,
$\hat{S}_{y}$,1e+160,,1.6398932645697223e-41,,,,,,,,,,,,,,,,,,
$\hat{S}_{z}$,1e+160,6.097957846435704e+40,,,,,,,,,,,,,,,,,,1.7362698610082245e-119,
"$\hat{S}_{y,z}$",,,,,,,,,,,,,,,,,,,,5.723871867652109e-67,
"$\hat{S}_{x,z}$",,,5.759473354097823e+118,1.7470691572454658e+66,,6.932963726046004e+69,1.4209102316693673e-24,,,,,429554665609914.1,,,1.9555411563845417,,,,,,
"$\hat{S}_{x,y,z}$",,,,,,,2.1987180316292688e-48,,,,,,,,,,,,,1.442384584017315e-70,
"$\hat{S}_{x,y,z}\hat{A}_{z}$",,,,,,4.548104784764018e+47,,7.747211796746978e+20,1e+160,3.784892353461817e+17,,8.371085527925266e+21,,,11576462364837.678,,,,,7.037742270496162e+23,
"$\hat{S}_{x,y,z}\hat{A}_{y}$",,,,,,,1.2907869646985718e-21,,2.35855749987119e+137,,,,,,,,,,,,
"$\hat{S}_{x,y,z}\hat{A}_{x}$",,,,,,,1e-160,4.239879672446459e-138,,,,,,,,,,,,,
"$\hat{S}_{x,y,z}\hat{A}_{x,z}$",,,,,,,,,,0.01886687661908665,,,,,,,,,,,
"$\hat{S}_{x,y,z}\hat{A}_{y,z}$",,,,,,,2.6420830676607202e-18,,,,53.00294374047856,9723.742395874477,,,,,,,,,
"$\hat{S}_{x,y,z}\hat{A}_{x,y,z}$",,,,,,,1.1945882008540957e-22,,,0.00010284106255470869,,,,,89.97716047016766,,,,,2.3279924071599234e-15,
"$\hat{S}_{x,y,z}\hat{A}_{x,y,z}\hat{T}_{yz}$",,,,,,,,,,,,,,2.165814471197628e-24,5.516495133014488e-40,,,,,,
"$\hat{S}_{x,y,z}\hat{A}_{x,y,z}\hat{T}_{xz}$",,,,,,,8.638217518310239e-14,,,,,0.011113931521894988,1.8127451867315436e+39,1.5405722748674828e+19,,7.824809433766741e+24,,,,0.511367401670455,
"$\hat{S}_{x,y,z}\hat{A}_{x,y,z}\hat{T}_{xy}$",,,,,,,,,,,,,4.617200657298366e+23,,6.491094357037018e-20,,,,,,
"$\hat{S}_{x,y,z}\hat{A}_{x,y,z}\hat{T}_{xy,xz}$",,,,,,,,,,,,,,,,1.91918492471334e-18,,,,,
"$\hat{S}_{x,y,z}\hat{A}_{x,y,z}\hat{T}_{xz,yz}$",,,,,,,,,,,,,,,1.2779863950228058e-25,,5.210545305577395e+17,13500989456520.068,,,
"$\hat{S}_{x,y,z}\hat{A}_{x,y,z}\hat{T}_{xy,xz,yz}$",,,,,,,,,,,,,,,,7.406864535525338e-14,,,,,
$\hat{S}_{x}$,,1e-160,1e-160,,,,,,,,,,,,,,,,,,
$\hat{S}_{y}$,1e+160,,6.113046263280183e-07,,,,,,,,,,,,,,,,,,
$\hat{S}_{z}$,1e+160,1635845.6274195,,,,,,,,,,,,,,,,,,1e-160,
"$\hat{S}_{x,z}$",,,1e+160,4.656488662374128e+50,,0.023232216224491356,1.723822175942505e-32,,,,2.9293853337427595e-33,,,,5.197632687822864,,416032725517.0083,,,,
"$\hat{S}_{y,z}$",,,,,,,,,,,,,,,,,,,,2.147540931604344e-51,
"$\hat{S}_{x,y,z}$",,,,,,,7.559358515413371e-18,,,,,,,,,,,,,43.043676519582405,
"$\hat{S}_{x,y,z}\hat{A}_{y}$",,,,,,,1.8038197528540343e-19,,1883318.8789660106,,,,,,,,,,,,
"$\hat{S}_{x,y,z}\hat{A}_{z}$",,,,,,1.322863570977645e+17,,5.543791159941469e+18,1.2906743000194386e+41,,2.4887139029883035e-05,,,,3.529398825776017e+42,,1.5954244868719859e+31,,,5.801062394694203e+31,
"$\hat{S}_{x,y,z}\hat{A}_{x}$",,,,,,,7.74788806118584e-42,5.309775265190487e-07,,,,,,,,,,,,,
"$\hat{S}_{x,y,z}\hat{A}_{y,z}$",,,,,,,,,,,8.326376902177586e-30,,,,,,,,,,
"$\hat{S}_{x,y,z}\hat{A}_{x,z}$",,,,,,,40181.39645538436,,,1.2010025629976842e+29,,5.92500433698187e+27,,,181992293536.4003,,2.5888278919793666e+23,,,3.413685418853175e+32,
"$\hat{S}_{x,y,z}\hat{A}_{x,y,z}$",,,,,,,,,,,1.6877624776716851e-28,,,,77.37103902400514,,,,,,
"$\hat{S}_{x,y,z}\hat{A}_{x,y,z}\hat{T}_{yz}$",,,,,,,,,,,,,,2090.402449286813,0.00016537891630976105,,,,,,
"$\hat{S}_{x,y,z}\hat{A}_{x,y,z}\hat{T}_{xz}$",,,,,,,2.8333437204567767e-43,,,,5.494738159338543e-12,0.012924732724472525,6046.71999498994,18047980.05470154,,,0.7376005485549171,,,0.1923952807097784,
"$\hat{S}_{x,y,z}\hat{A}_{x,y,z}\hat{T}_{xy}$",,,,,,,,,,,,,0.0004783767835428877,,5.540786265106148e-08,,,,,,
"$\hat{S}_{x,y,z}\hat{A}_{x,y,z}\hat{T}_{xz,yz}$",,,,,,,,,,,,,,,,,0.0009148360264427753,,,,
"$\hat{S}_{x,y,z}\hat{A}_{x,y,z}\hat{T}_{xy,xz}$",,,,,,,6.267924356361206e-32,,,,3.862751954651646e-24,,,,1.355747364829334,1093.0920636000465,,3.71664223276018e+22,,2.403657065095755e-12,
"$\hat{S}_{x,y,z}\hat{A}_{x,y,z}\hat{T}_{xy,xz,yz}$",,,,,,,,,,,,,,,,,2.690600648040707e-23,,,,
$\hat{S}_{x}$,,1e-160,1e-160,,,,,,,,,,,,,,,,,,
$\hat{S}_{y}$,1e+160,,1e+160,1.2365731189020619e-91,,,,,,,,,,,,,,,,,
$\hat{S}_{z}$,1e+160,1e-160,,,,,,,,,,,,,,,,,,,
"$\hat{S}_{y,z}$",,8.086865100932226e+90,,,4.069721965996676e+43,6.054193506776079e-12,,,,,,,,,,,,,,,
"$\hat{S}_{x,y}$",,,,2.4571703137344414e-44,,,,,,,,,,,,,,,,,
"$\hat{S}_{x,y,z}$",,,,165174766693.65833,,,6.7202646875821946e-68,,,,,,,,,,,,,,
"$\hat{S}_{x,y,z}\hat{A}_{z}$",,,,,,1.488036627259362e+67,,1.1059571692481873e+48,1.2770119991087084e+45,,3.4832846977292533e+22,,,,4.437945816130797e+26,,,1.2042058601640242e+26,,,
"$\hat{S}_{x,y,z}\hat{A}_{y}$",,,,,,,9.041941476628652e-49,,3.4261453150079495e-21,,,,,,,,,,,,
"$\hat{S}_{x,y,z}\hat{A}_{x}$",,,,,,,7.83077998247433e-46,2.9187320094672627e+20,,,,,,,,,,,,,
"$\hat{S}_{x,y,z}\hat{A}_{x,z}$",,,,,,,2.870853481060271e-23,,,88381.82690801022,,1.3199193999363035e+25,,,,,,,,,
"$\hat{S}_{x,y,z}\hat{A}_{y,z}$",,,,,,,,,,,1.1314543215324372e-05,,,,,,,,,,
"$\hat{S}_{x,y,z}\hat{A}_{x,y,z}$",,,,,,,,,,,7.576220184719293e-26,,,,1.622721269906525e-11,,,,,,
"$\hat{S}_{x,y,z}\hat{A}_{x,y,z}\hat{T}_{xz}$",,,,,,,2.253294748136077e-27,,,,,61624877823.756134,5.9419977118848825e+47,67162687.90055218,,,0.04165528775477961,4.1482310003448064e-12,,,
"$\hat{S}_{x,y,z}\hat{A}_{x,y,z}\hat{T}_{yz}$",,,,,,,,,,,,,,1.287876168239588e-25,1.6829356867638145e-48,,,,,,
"$\hat{S}_{x,y,z}\hat{A}_{x,y,z}\hat{T}_{xy}$",,,,,,,,,,,,,7.764721676362029e+24,,1.4889219464841853e-08,,,,,,
"$\hat{S}_{x,y,z}\hat{A}_{x,y,z}\hat{T}_{xy,xz}$",,,,,,,,,,,,,,,24.00655604366238,2.715081073768146e+21,,5.383560067957456e-06,,,
"$\hat{S}_{x,y,z}\hat{A}_{x,y,z}\hat{T}_{xz,yz}$",,,,,,,,,,,,,,,,,3.6831312687548675e-22,,,,
"$\hat{S}_{x,y,z}\hat{A}_{x,y,z}\hat{T}_{xy,xz,yz}$",,,,,,,8.304227981948124e-27,,,,,,,,241066613676.2583,,185750.69050532652,,,,
$\hat{S}_{x}$,,1e-160,1e-160,,,,,,,,,,,,,,,,,,
$\hat{S}_{y}$,1e+160,,6.679622176921126e+152,,3.3287816425831033e-130,,,,,,,,,,,,,,,,
$\hat{S}_{z}$,1e+160,1.4970906639826375e-153,,,,,,,,,,,,,,,,,,,
"$\hat{S}_{y,z}$",,,,,2.29631803344421e-05,,,,,,,,,,,,,,,,
"$\hat{S}_{x,y}$",,3.004102123154012e+129,,43547.974863922325,,31221945988.85062,2.224967526995385e-75,,,8.507885046002765e-52,,,,1.608039646204656e-70,,,,,,,
"$\hat{S}_{x,y,z}$",,,,,3.202875311990805e-11,,3.0097686616876335e-42,,,,,,,,,,,,,,
"$\hat{S}_{x,y,z}\hat{A}_{x}$",,,,,,,8.325918080596299e-36,1.5638143268782086e+19,,,,,,,,,,,,,
"$\hat{S}_{x,y,z}\hat{A}_{y}$",,,,,,,7.603437182481512e-13,,6.394621041720901e-20,,,,,,,,,,,,
"$\hat{S}_{x,y,z}\hat{A}_{z}$",,,,,4.494447617176726e+74,3.32251449332083e+41,,1315194662624.4539,1.2010687473979812e+35,1.429064401428113e-05,,,,0.027403180628919735,,,,,,,
"$\hat{S}_{x,y,z}\hat{A}_{x,z}$",,,,,,,,,,5.7977160964987795e-27,,,,,,,,,,,
"$\hat{S}_{x,y,z}\hat{A}_{y,z}$",,,,,1.1753802438478258e+51,,69975.85266280972,,,,1.7248171234253718e+26,1.8541475641986427e+23,,2.9911579294174596e-05,,,,,,,
"$\hat{S}_{x,y,z}\hat{A}_{x,y,z}$",,,,,,,,,,5.39331399133918e-24,,,,1.6142174302074165e-15,,,,,,,
"$\hat{S}_{x,y,z}\hat{A}_{x,y,z}\hat{T}_{xy}$",,,,,6.218752145571972e+69,,36.49211431116349,,,33431.86898174762,,619495231117351.1,2.863852849260294e+26,,1.110279094942077e+42,,6490983.414035477,,,,
"$\hat{S}_{x,y,z}\hat{A}_{x,y,z}\hat{T}_{yz}$",,,,,,,,,,,,,,3.491799518464402e-27,4.233082962895233e-07,,,,,,
"$\hat{S}_{x,y,z}\hat{A}_{x,y,z}\hat{T}_{xz}$",,,,,,,,,,,,,2362344.439656449,9.006744381260009e-43,,,,,,,
"$\hat{S}_{x,y,z}\hat{A}_{x,y,z}\hat{T}_{xy,yz}$",,,,,,,,,,,,,,,,,0.4322549118472924,,,,
"$\hat{S}_{x,y,z}\hat{A}_{x,y,z}\hat{T}_{xy,xz}$",,,,,,,,,,,,,,1.540598606118291e-07,,,,55627459822.170044,2.3134497089376773,,
"$\hat{S}_{x,y,z}\hat{A}_{x,y,z}\hat{T}_{xy,xz,yz}$",,,,,,,,,,,,,,,,,1.7976733131385142e-11,,,,
$\hat{S}_{x}$,,1e-160,1e-160,,,,,,,,,,,,,,,,,,
$\hat{S}_{y}$,1e+160,,7.493094054055924e-32,,,,,,,,,,,,,,,,,,
$\hat{S}_{z}$,1e+160,1.334562188577777e+31,,,,,,,,,,,,,,,,,,1e-160,
"$\hat{S}_{x,z}$",,,1e+160,5.55104998947008e+52,,9.993976438061315e+61,,,,,1.7533142461653289e-34,,,,,,1.9682969850498486e-23,,,,
"$\hat{S}_{y,z}$",,,,,,,,,,,,,,,,,,,,1.801460988275955e-53,
"$\hat{S}_{x,y,z}$",,,,,,,1.5421958963840078e-60,,,,,,,,,,,,,1.0006027192455393e-62,
"$\hat{S}_{x,y,z}\hat{A}_{y}$",,,,,,,6.003971439053679e-05,,1.310994719729612e+30,,,,,,,,,,,,
"$\hat{S}_{x,y,z}\hat{A}_{z}$",,,,,,6.484260542676216e+59,,16655.642188691287,6.3599219585185934e+35,,1.724610324193467e-15,,,,,,,,,,
"$\hat{S}_{x,y,z}\hat{A}_{x}$",,,,,,,1.5723463377731893e-36,7.627795787051273e-31,,,,,,,,,,,,,
"$\hat{S}_{x,y,z}\hat{A}_{y,z}$",,,,,,,,,,,9.076392799917696e-17,,,,,,,,,,
"$\hat{S}_{x,y,z}\hat{A}_{x,z}$",,,,,,,579841130469667.8,,,1.101759280414867e+16,,3.538957147297414e+53,,,,,236059.35665385384,,,5.703484142600783e+33,
"$\hat{S}_{x,y,z}\hat{A}_{x,y,z}$",,,,,,,,,,,2.8256911807018274e-54,,,6.749311340981697e-13,,,,,,,
"$\hat{S}_{x,y,z}\hat{A}_{x,y,z}\hat{T}_{yz}$",,,,,,,,,,,,,,3.815229440791427e-22,8.871768068170552e-12,,,,,,
"$\hat{S}_{x,y,z}\hat{A}_{x,y,z}\hat{T}_{xz}$",,,,,,,,,,,,,112717103548.69658,1.760088976536281e-08,,,,,,,
"$\hat{S}_{x,y,z}\hat{A}_{x,y,z}\hat{T}_{xy}$",,,,,,,,,,,,1481632642915.7563,2.621074343021848e+21,,56815309.528721824,,1.96502252745729e-16,,,,
"$\hat{S}_{x,y,z}\hat{A}_{x,y,z}\hat{T}_{xy,xz}$",,,,,,,,,,,4.2362226779527835e-06,,,5089000182069084.0,,,,1.2907848005784117e+21,8.939955972819514e+29,5.080534124654335e+22,
"$\hat{S}_{x,y,z}\hat{A}_{x,y,z}\hat{T}_{xy,yz}$",,,,,,,,,,,,,,,,,1.1185737413476508e-30,,,,
"$\hat{S}_{x,y,z}\hat{A}_{x,y,z}\hat{T}_{xy,xz,yz}$",,,,,,,,,,,,,,,,,7.747224785664438e-22,,,,
$\hat{S}_{x}$,,1e-160,1e-160,,,,,,,,,,,,,,,,,,
$\hat{S}_{y}$,1e+160,,1.6556975497495393e+106,1.625396872621989e-131,,,,,,,,,,,,,,,,,
$\hat{S}_{z}$,1e+160,6.039750437217666e-107,,,,,,,,,,,,,,,,,,,
"$\hat{S}_{y,z}$",,6.152343571246464e+130,,,8.505096769934618e+32,1216293.6409792295,1.1270580153568208e-37,,,,1.7140892264492996e-47,1.6359782977379368e-26,,,,,6.796403940429433e-35,,,,
"$\hat{S}_{x,y}$",,,,1.175765575689843e-33,,,,,,,,,,,,,,,,,
"$\hat{S}_{x,y,z}$",,,,8.2216988259094e-07,,,2.1911783092763776e-40,,,,,,,,,,,,,,
"$\hat{S}_{x,y,z}\hat{A}_{z}$",,,,8.872657719251525e+36,,4.563754559665404e+39,,12.339206687195318,22551436897.878593,,1020.5712064225563,5.400310264108316e-23,,,,,1.6702462600289102e-07,,,,
"$\hat{S}_{x,y,z}\hat{A}_{y}$",,,,,,,0.08104248719958013,,3.316972472248139e+18,,,,,,,,,,,,
"$\hat{S}_{x,y,z}\hat{A}_{x}$",,,,,,,4.434307244050022e-11,3.014797404460314e-19,,,,,,,,,,,,,
"$\hat{S}_{x,y,z}\hat{A}_{y,z}$",,,,,,,,,,,0.0011120168908186469,,,,,,,,,,
"$\hat{S}_{x,y,z}\hat{A}_{x,z}$",,,,5.834002014419514e+46,,,0.0009798434383675536,,,899.2669160482068,,22458.097229301675,,,,,1362.2455153999906,,,,
"$\hat{S}_{x,y,z}\hat{A}_{x,y,z}$",,,,6.112550523333332e+25,,,1.851745457379044e+22,,,,4.452736978515141e-05,,,88632.96282908472,,,33204.07306037866,,,,
"$\hat{S}_{x,y,z}\hat{A}_{x,y,z}\hat{T}_{xz}$",,,,,,,,,,,,,5.8140395072282034e-05,1.748025226494601e-21,,,,,,,
"$\hat{S}_{x,y,z}\hat{A}_{x,y,z}\hat{T}_{yz}$",,,,,,,,,,,,,,4.1720118682801596e-21,17199.745525581093,,,,,,
"$\hat{S}_{x,y,z}\hat{A}_{x,y,z}\hat{T}_{xy}$",,,,,,,,,,,,1.1282484169330421e-05,2.3969251084902423e+20,,5.7207412389885706e+20,,8.64103911160924e-06,,,,
"$\hat{S}_{x,y,z}\hat{A}_{x,y,z}\hat{T}_{xy,xz}$",,,,1.4713663413255195e+34,,,5987141.081715046,,,,0.0007340820642792676,3.011678712372391e-05,,115726.82255962706,,,,9318549647220894.0,1665.0630366074831,,
"$\hat{S}_{x,y,z}\hat{A}_{x,y,z}\hat{T}_{xy,yz}$",,,,,,,,,,,,,,,,,0.000600577862828227,,,,
"$\hat{S}_{x,y,z}\hat{A}_{x,y,z}\hat{T}_{xy,xz,yz}$",,,,,,,,,,,,,,,,,1.0731283706775483e-16,,,,
