ModelName,$R_{x}$,$R_{y}$,$R_{z}$,"$R_{x,y}$","$R_{x,z}$","$R_{y,z}$","$R_{x,y,z}$","$R_{x,y,z}HF_{x}$","$R_{x,y,z}HF_{y}$","$R_{x,y,z}HF_{z}$","$R_{x,y,z}HF_{x,y}$","$R_{x,y,z}HF_{x,z}$","$R_{x,y,z}HF_{y,z}$","$R_{x,y,z}HF_{x,y,z}$","$R_{x,y,z}HF_{x,y,z}T_{xy}$","$R_{x,y,z}HF_{x,y,z}T_{xz}$","$R_{x,y,z}HF_{x,y,z}T_{yz}$","$R_{x,y,z}HF_{x,y,z}T_{xy,xz}$","$R_{x,y,z}HF_{x,y,z}T_{xy,yz}$","$R_{x,y,z}HF_{x,y,z}T_{xz,yz}$","$R_{x,y,z}HF_{x,y,z}T_{xy,xz,yz}$"
$R_{x}$,,1e-160,1e-160,,,,,,,,,,,,,,,,,,
$R_{y}$,1e+160,,3.118241491086978e+21,,,1.0578867272587508e-146,,,,,,,,,,,,,,,
$R_{z}$,1e+160,3.206935713152265e-22,,,,,,,,,,,,,,,,,,,
"$R_{x,y}$",,,,,,1.6335916605603184e-37,,,,,,,,,,,,,,,
"$R_{y,z}$",,9.452807887960276e+145,,6.121480809084212e+36,,,2.1968018486464197e-23,,,,,,,,,,,,,,
"$R_{x,y,z}$",,,,,,4.552071915890637e+22,,,1.501896447887454e-121,,,,,,,,,,,,
"$R_{x,y,z}HF_{x}$",,,,,,,,,1.1303255406665108e-51,3.5789170358611983e-26,,,,,,,,,,,
"$R_{x,y,z}HF_{y}$",,,,,,,6.658248652272836e+120,8.847008795451416e+50,,23287057.37113312,5.250465038362194e-65,,,,,,,,,,
"$R_{x,y,z}HF_{z}$",,,,,,,,2.7941413281723894e+25,4.294230842749632e-08,,,,,,,,,,,,
"$R_{x,y,z}HF_{x,y}$",,,,,,,,,1.90459319830446e+64,,,,7.025587820245302e+66,1.9640673406592266e-51,,,,,,,
"$R_{x,y,z}HF_{y,z}$",,,,,,,,,,,1.4233684434466075e-67,,,,,,,,,,
"$R_{x,y,z}HF_{x,y,z}$",,,,,,,,,,,5.0914751205239045e+50,,,,,,,,,,
$R_{x}$,,1e-160,1e-160,,,,,,,,,,,,,,,,,,
$R_{y}$,1e+160,,1.752214321921261e+206,,,1e-160,,,,,,,,,,,,,,,
$R_{z}$,1e+160,5.707064412665707e-207,,,,,,,,,,,,,,,,,,,
"$R_{x,y}$",,,,,,5.48757376551626e-81,,,,,,,,,,,,,,,
"$R_{y,z}$",,1e+160,,1.8222989662279682e+80,,,1.191252781276449e-24,,,,,,,,,,,,,,
"$R_{x,y,z}$",,,,,,8.394523947541024e+23,,,2.089279583831585e-103,,,,,,,,,,,,
"$R_{x,y,z}HF_{x}$",,,,,,,,,1.8864750114665823e-140,3.0607367403674973e-82,,,,,,,,,,,
"$R_{x,y,z}HF_{y}$",,,,,,,4.786338830565096e+102,5.300891842837508e+139,,303816495.8539687,,,7.4903410157223795e-62,,,,,,,,
"$R_{x,y,z}HF_{z}$",,,,,,,,3.2671872324436886e+81,3.291460515299526e-09,,,,,,,,,,,,
"$R_{x,y,z}HF_{x,y}$",,,,,,,,,,,,,1.6651666467848176e-41,,,,,,,,
"$R_{x,y,z}HF_{y,z}$",,,,,,,,,1.3350527004057352e+61,,6.005404936081606e+40,,,9.451011281303537e-43,,,,,,,
"$R_{x,y,z}HF_{x,y,z}$",,,,,,,,,,,,,1.0580878281017926e+42,,,,,,,,
$R_{x}$,,1e-160,1e-160,,,,,,,,,,,,,,,,,,
$R_{y}$,1e+160,,1.4998637091248487e-26,,,,,,,,,,,,,,,,,,
$R_{z}$,1e+160,6.6672724589322e+25,,,,1e-160,,,,,,,,,,,,,,,
"$R_{x,z}$",,,,,,1.9238523626176112e-29,,,,,,,,,,,,,,,
"$R_{y,z}$",,,1e+160,,5.19790405662621e+28,,1.830199525027499e-39,,,,,,,,,,,,,,
"$R_{x,y,z}$",,,,,,5.4638851465387355e+38,,,,7.793625230440169e-105,,,,,,,,,,,
"$R_{x,y,z}HF_{x}$",,,,,,,,,5.576777576156303e-36,3.8651332125502645e-157,,,,,,,,,,,
"$R_{x,y,z}HF_{y}$",,,,,,,,1.7931502311936073e+35,,8.652614241571561e-08,,,,,,,,,,,
"$R_{x,y,z}HF_{z}$",,,,,,,1.2830999315879626e+104,2.5872329490558157e+156,11557200.772865746,,,,3.015529439459344e-06,,,,,,,,
"$R_{x,y,z}HF_{x,z}$",,,,,,,,,,,,,5.244298650352959e-10,,,,,,,,
"$R_{x,y,z}HF_{y,z}$",,,,,,,,,,331616.7260430694,,1906832670.4328644,,2.8468650906601466e-07,,,,,,,
"$R_{x,y,z}HF_{x,y,z}$",,,,,,,,,,,,,3512635.717374702,,,,,,,,
$R_{x}$,,1e-160,1e-160,,,,,,,,,,,,,,,,,,
$R_{y}$,1e+160,,3.2984674992020693e-35,,,,,,,,,,,,,,,,,,
$R_{z}$,1e+160,3.0317109392222587e+34,,,,5.069709978188528e-160,,,,,,,,,,,,,,,
"$R_{x,z}$",,,,,,1.869146995057758e-27,,,,,,,,,,,,,,,
"$R_{y,z}$",,,1.9724994216677316e+159,,5.3500340136121786e+26,,104308446720421.8,,,,,,,1e-160,,,,,,,
"$R_{x,y,z}$",,,,,,9.586951310667127e-15,,2.0460713924959672e-113,,,,,,,,,,,,,
"$R_{x,y,z}HF_{x}$",,,,,,,4.887414992788288e+112,,9.231397326867685e+21,6.607729448900762e+21,4.452200926372382e-29,,,,,,,,,,
"$R_{x,y,z}HF_{y}$",,,,,,,,1.0832596242927733e-22,,2497606.0997029366,,,,,,,,,,,
"$R_{x,y,z}HF_{z}$",,,,,,,,1.5133791535099193e-22,4.0038339116762216e-07,,,,,,,,,,,,
"$R_{x,y,z}HF_{x,y}$",,,,,,,,2.2460801220280777e+28,,,,7.725009830749478e+62,,3.413171760800528e-127,,,,,,,
"$R_{x,y,z}HF_{x,z}$",,,,,,,,,,,1.2944967345148094e-63,,,,,,,,,,
"$R_{x,y,z}HF_{x,y,z}$",,,,,,1e+160,,,,,2.929826185382066e+126,,,,,,,,,,
$R_{x}$,,1e-160,1e-160,,,,,,,,,,,,,,,,,,
$R_{y}$,1e+160,,4.590398651701216e+22,,,1.7219474889358844e-100,,,,,,,,,,,,,,,
$R_{z}$,1e+160,2.1784600333772687e-23,,,,,,,,,,,,,,,,,,,
"$R_{x,y}$",,,,,,1.2574267721961697e-59,,,,,,,,,,,,,,,
"$R_{y,z}$",,5.807378020673395e+99,,7.952749393536781e+58,,,4.009443062950116e-17,,,,,,,,,,,,,,
"$R_{x,y,z}$",,,,,,2.4941119858781784e+16,,,,1e-160,,,,,,,,,,,
"$R_{x,y,z}HF_{x}$",,,,,,,,,131.7773851521101,1.1581747296751756e-109,,,,,,,,,,,
"$R_{x,y,z}HF_{y}$",,,,,,,,0.007588555493385334,,4.4021458343968876e-33,,,,,,,,,,,
"$R_{x,y,z}HF_{z}$",,,,,,,1e+160,8.634275764939737e+108,2.2716194274763373e+32,,,6.315592402034833e-07,,,,,,,,,
"$R_{x,y,z}HF_{x,z}$",,,,,,,,,,1583382.7396426154,,,7.218189812633659e+35,6.030201458704356e-49,,,,,,,
"$R_{x,y,z}HF_{y,z}$",,,,,,,,,,,,1.3853888938328374e-36,,,,,,,,,
"$R_{x,y,z}HF_{x,y,z}$",,,,,,,,,,,,1.6583193892411997e+48,,,,,,,,,
$R_{x}$,,1e-160,1e-160,,,,,,,,,,,,,,,,,,
$R_{y}$,1e+160,,6.784220161734755e+32,,,1e-160,,,,,,,,,,,,,,,
$R_{z}$,1e+160,1.4740087676404294e-33,,,,,,,,,,,,,,,,,,,
"$R_{x,y}$",,,,,,1.4724695141688998e-87,,,,,,,,,,,,,,,
"$R_{y,z}$",,1e+160,,6.791312080674391e+86,,,10880.776663006787,,,,,,1.5459508316632575e-139,,,,,,,,
"$R_{x,y,z}$",,,,,,9.190520410182379e-05,,,,2.48032513618804e-142,,,,,,,,,,,
"$R_{x,y,z}HF_{x}$",,,,,,,,,9.227045151822711e-46,1.1968358281209701e-74,,,,,,,,,,,
"$R_{x,y,z}HF_{y}$",,,,,,,,1.0837705717766645e+45,,0.0002529689363629804,,,,,,,,,,,
"$R_{x,y,z}HF_{z}$",,,,,,,4.0317294914685224e+141,8.355364842060235e+73,3953.054530636595,,,,2.1759825588557203e-36,,,,,,,,
"$R_{x,y,z}HF_{x,z}$",,,,,,,,,,,,,4.862767208057978e-15,,,,,,,,
"$R_{x,y,z}HF_{y,z}$",,,,,,6.46851102582687e+138,,,,4.595625070294075e+35,,205644226263376.0,,1.2704716597473706e+17,,,,,,,
"$R_{x,y,z}HF_{x,y,z}$",,,,,,,,,,,,,7.871092537387626e-18,,,,,,,,
$R_{x}$,,1e-160,1e-160,,,,,,,,,,,,,,,,,,
$R_{y}$,1e+160,,3.863187989919418e+27,,,1e-160,,,,,,,,,,,,,,,
$R_{z}$,1e+160,2.5885356928251866e-28,,,,,,,,,,,,,,,,,,,
"$R_{x,y}$",,,,,,9.143350502758633e-68,,,,,,,,,,,,,,,
"$R_{y,z}$",,1e+160,,1.0936909830792233e+67,,,41274045.730203725,,,,,,,2.5540073241626294e-109,,,,,,,
"$R_{x,y,z}$",,,,,,2.4228300916675467e-08,,,,1.7864621538294651e-143,,,,,,,,,,,
"$R_{x,y,z}HF_{x}$",,,,,,,,,7.996995646282149e-20,1.3415054546349081e-93,,,,,,,,,,,
"$R_{x,y,z}HF_{y}$",,,,,,,,1.250469606626466e+19,,1.2822338407581682e-11,,,,,,,,,,,
"$R_{x,y,z}HF_{z}$",,,,,,,5.59765566741169e+142,7.45431184453999e+92,77988894709.61966,,,1.0926762655445817e-14,,,,,,,,,
"$R_{x,y,z}HF_{x,z}$",,,,,,,,,,91518415063368.05,,,5158352250907350.0,3.073899870422207e-54,,,,,,,
"$R_{x,y,z}HF_{y,z}$",,,,,,,,,,,,1.9386035527606724e-16,,,,,,,,,
"$R_{x,y,z}HF_{x,y,z}$",,,,,,3.915415553194881e+108,,,,,,3.2531964024665765e+53,,,,,,,,,
$R_{x}$,,1e-160,1e-160,,,,,,,,,,,,,,,,,,
$R_{y}$,1e+160,,5.623881779213605e-84,,,,,,,,,,,,,,,,,,
$R_{z}$,1e+160,1.7781312610376944e+83,,,,4.4730777419878447e-150,,,,,,,,,,,,,,,
"$R_{x,z}$",,,,,,1.2032800256077792e-11,,,,,,,,,,,,,,,
"$R_{y,z}$",,,2.2355971831502263e+149,,83106174682.39763,,1.0914795903804122e-71,,,,,,,,,,,,,,
"$R_{x,y,z}$",,,,,,9.161875392021496e+70,,,,8.050042595535388e-115,,,,,,,,,,,
"$R_{x,y,z}HF_{x}$",,,,,,,,,1.6897504092063375e-16,6.4096197039816595e-12,,,,,,,,,,,
"$R_{x,y,z}HF_{y}$",,,,,,,,5918033779140744.0,,1.560134377979172e-34,,,,,,,,,,,
"$R_{x,y,z}HF_{z}$",,,,,,,1.2422294517480035e+114,156015496423.1028,6.409704280058818e+33,,,4.021495717166403e-07,,,,,,,,,
"$R_{x,y,z}HF_{x,z}$",,,,,,,,,,2486636.9886491206,,,3.019179788236208e+49,8.426571642952393e-11,,,,,,,
"$R_{x,y,z}HF_{y,z}$",,,,,,,,,,,,3.3121578380206226e-50,,,,,,,,,
"$R_{x,y,z}HF_{x,y,z}$",,,,,,,,,,,,11867222428.902687,,,,,,,,,
$R_{x}$,,1e-160,1e-160,,,,,,,,,,,,,,,,,,
$R_{y}$,1e+160,,59201.35306246291,,,8.710827835939848e-147,,,,,,,,,,,,,,,
$R_{z}$,1e+160,1.689150582326906e-05,,,,,,,,,,,,,,,,,,,
"$R_{x,y}$",,,,,,1.4676872025386907e-76,,,,,,,,,,,,,,,
"$R_{y,z}$",,1.1479965151809315e+146,,6.8134408903360204e+75,,,1.8359553974594055e-51,,,,,,,,,,,,,,
"$R_{x,y,z}$",,,,,,5.446755413469193e+50,,,,7.954525551877651e-160,,,,,,,,,,,
"$R_{x,y,z}HF_{x}$",,,,,,,,,3.0047279776675205e-16,1.2734205928539356e-135,,,,,,,,,,,
"$R_{x,y,z}HF_{y}$",,,,,,,,3328088290961599.0,,7.232422029888604e-08,,,,,,,,,,,
"$R_{x,y,z}HF_{z}$",,,,,,,1.257146002584594e+159,7.852864996935874e+134,13826626.763032,,,,9.06568763655868e-20,,,,,,,,
"$R_{x,y,z}HF_{x,z}$",,,,,,,,,,,,,7.20239926439807e-132,,,,,,,,
"$R_{x,y,z}HF_{y,z}$",,,,,,,,,,1.1030602863122674e+19,,1.3884262219994736e+131,,3055412301265635.5,,,,,,,
"$R_{x,y,z}HF_{x,y,z}$",,,,,,,,,,,,,3.272880715920966e-16,,,,,,,,
$R_{x}$,,1e-160,1e-160,,,,,,,,,,,,,,,,,,
$R_{y}$,1e+160,,3.2438738070857526e-29,,,,,,,,,,,,,,,,,,
$R_{z}$,1e+160,3.082733976320691e+28,,,3.693063182147367e-79,,,,,,,,,,,,,,,,
"$R_{x,z}$",,,2.707779289653367e+78,,,1.4955172759321568e+36,1.8730375548119483e-35,,,,,,,,,,,,,,
"$R_{y,z}$",,,,,6.686649603406951e-37,,,,,,,,,,,,,,,,
"$R_{x,y,z}$",,,,,5.338921248166855e+34,,,,1.6604549140159583e-120,,,,,,,,,,,,
"$R_{x,y,z}HF_{x}$",,,,,,,,,1.195936994280285e-103,7.934054014271323e-106,,,,,,,,,,,
"$R_{x,y,z}HF_{y}$",,,,,,,6.022445966818881e+119,8.361644507884799e+102,,2.7291974749846735,,,4.770903994206296e-30,,,,,,,,
"$R_{x,y,z}HF_{z}$",,,,,,,,1.2603897051888695e+105,0.366408077526752,,,,,,,,,,,,
"$R_{x,y,z}HF_{x,y}$",,,,,,,,,,,,,0.020204700531421503,,,,,,,,
"$R_{x,y,z}HF_{y,z}$",,,,,,,,,2.0960388245380392e+29,,49.49343339411747,,,7.098445896394851e-70,,,,,,,
"$R_{x,y,z}HF_{x,y,z}$",,,,,,,,,,,,,1.4087590644423712e+69,,,,,,,,
$R_{x}$,,1e-160,1e-160,,,,,,,,,,,,,,,,,,
$R_{y}$,1e+160,,1e-160,,,,,,,,,,,,,,,,,,
$R_{z}$,1e+160,1e+160,,,,1.5624893487943868e-153,,,,,,,,,,,,,,,
"$R_{x,z}$",,,,,,4.424897726422035e-64,,,,,,,,,,,,,,,
"$R_{y,z}$",,,6.400043627635591e+152,,2.259939238886315e+63,,3.5874134842154694e+85,,,6.512741357748565e-113,,,,3.900234227357484e-71,,,,,,,
"$R_{x,y,z}$",,,,,,2.7875236696298747e-86,,,,1.0986423611974879e-143,,,,,,,,,,,
"$R_{x,y,z}HF_{x}$",,,,,,,,,2265.8894802124432,5.257625715157782e-119,,,,,,,,,,,
"$R_{x,y,z}HF_{y}$",,,,,,,,0.00044132779146238097,,1.0482336280094379e-09,,,,,,,,,,,
"$R_{x,y,z}HF_{z}$",,,,,,1.5354517323342578e+112,9.102143111522019e+142,1.901999218234556e+118,953985803.6218204,,,,0.2100193385006596,0.00022537740874240702,,,,,,,
"$R_{x,y,z}HF_{x,z}$",,,,,,,,,,,,,1.1478655350152463e-24,,,,,,,,
"$R_{x,y,z}HF_{y,z}$",,,,,,,,,,4.761466287528847,,8.711821807479547e+23,,6.654013864339063e-122,,,,,,,
"$R_{x,y,z}HF_{x,y,z}$",,,,,,2.563948577717927e+70,,,,4437.001940788753,,,1.502852293950441e+121,,,,,,,,
$R_{x}$,,1e-160,1e-160,,,,,,,,,,,,,,,,,,
$R_{y}$,1e+160,,1.4295148764107317e-36,,,,,,,,,,,,,,,,,,
$R_{z}$,1e+160,6.99538015659431e+35,,,1e-160,,,,,,,,,,,,,,,,
"$R_{x,z}$",,,1e+160,,,7.967250589704915e+21,1.5943418950162674e-12,,,,,,,,,,,,,,
"$R_{y,z}$",,,,,1.2551381291962567e-22,,,,,,,,,,,,,,,,
"$R_{x,y,z}$",,,,,627218040952.1239,,,,,1e-160,,,,,,,,,,,
"$R_{x,y,z}HF_{x}$",,,,,,,,,7.545072696458744e-74,1.7382947799903547e-26,,,,,,,,,,,
"$R_{x,y,z}HF_{y}$",,,,,,,,1.3253682770602686e+73,,2.1721382814193076e-71,,,,,,,,,,,
"$R_{x,y,z}HF_{z}$",,,,,,,1e+160,5.752764211864852e+25,4.6037584648919546e+70,,,,7.702911506554185e-26,,,,,,,,
"$R_{x,y,z}HF_{x,z}$",,,,,,,,,,,,,3.371068142734091e-34,,,,,,,,
"$R_{x,y,z}HF_{y,z}$",,,,,,,,,,1.2982104223177545e+25,,2.9664188253072635e+33,,1.3556492067560898e+95,,,,,,,
"$R_{x,y,z}HF_{x,y,z}$",,,,,,,,,,,,,7.376539557699319e-96,,,,,,,,
$R_{x}$,,1e-160,1e-160,,,,,,,,,,,,,,,,,,
$R_{y}$,1e+160,,4.376998391909667e-26,,,,,,,,,,,,,,,,,,
$R_{z}$,1e+160,2.2846707045823338e+25,,,,1e-160,,,,,,,,,,,,,,,
"$R_{x,z}$",,,,,,4.168456365577492e-15,,,,,,,,,,,,,,,
"$R_{y,z}$",,,1e+160,,239896957602304.53,,1.3400066197770244e+25,,,1e-160,,,,1.7335897185024758e-103,,,,,,,
"$R_{x,y,z}$",,,,,,7.462649700688783e-26,,,,1.7955419007568805e-123,,,,,,,,,,,
"$R_{x,y,z}HF_{x}$",,,,,,,,,1.426851327613689e+28,1.1519252299249719e-54,,,,,,,,,,,
"$R_{x,y,z}HF_{y}$",,,,,,,,7.008438655430425e-29,,5.024915952716181e-33,,,,,,,,,,,
"$R_{x,y,z}HF_{z}$",,,,,,1e+160,5.5693492843495706e+122,8.681118999929647e+53,1.9900830370296195e+32,,,,0.00012203005888244213,6.712377037062622e-09,,,,,,,
"$R_{x,y,z}HF_{x,z}$",,,,,,,,,,,,,2.7084358215858003e-28,,,,,,,,
"$R_{x,y,z}HF_{y,z}$",,,,,,,,,,8194.702265638925,,3.6921679739654895e+27,,2.476372442643334e-22,,,,,,,
"$R_{x,y,z}HF_{x,y,z}$",,,,,,5.768377542431599e+102,,,,148978520.49705574,,,4.0381647880582055e+21,,,,,,,,
$R_{x}$,,1e-160,1e-160,,,,,,,,,,,,,,,,,,
$R_{y}$,1e+160,,7.799817492119081e-16,,,,,,,,,,,,,,,,,,
$R_{z}$,1e+160,1282081280761245.8,,,1e-160,,,,,,,,,,,,,,,,
"$R_{x,z}$",,,1e+160,,,1.2681496009198797e+18,3.5407575352914226e+80,,,,,,,1e-160,,,,,,,
"$R_{y,z}$",,,,,7.885504985173897e-19,,,,,,,,,,,,,,,,
"$R_{x,y,z}$",,,,,2.82425438633627e-81,,,,,1e-160,,,,,,,,,,,
"$R_{x,y,z}HF_{x}$",,,,,,,,,1.4170451067296684e-152,6.2548354456856915e-158,,,,,,,,,,,
"$R_{x,y,z}HF_{y}$",,,,,,,,7.056938380090474e+151,,7.826098661911852e-13,,,,,,,,,,,
"$R_{x,y,z}HF_{z}$",,,,,,,1e+160,1.5987630828717576e+157,1277775866622.8062,,,6.971494128644969e-26,,,,,,,,,
"$R_{x,y,z}HF_{x,z}$",,,,,,,,,,1.4344127407224359e+25,,,48074652728.95608,3.19882658362943e-47,,,,,,,
"$R_{x,y,z}HF_{y,z}$",,,,,,,,,,,,2.0800982289731345e-11,,,,,,,,,
"$R_{x,y,z}HF_{x,y,z}$",,,,,1e+160,,,,,,,3.126146334776883e+46,,,,,,,,,
$R_{x}$,,1e-160,1e-160,,,,,,,,,,,,,,,,,,
$R_{y}$,1e+160,,3.955902555475872e+19,,,1e-160,,,,,,,,,,,,,,,
$R_{z}$,1e+160,2.527868131169641e-20,,,,,,,,,,,,,,,,,,,
"$R_{x,y}$",,,,,,6.407915431251862e-40,,,,,,,,,,,,,,,
"$R_{y,z}$",,1e+160,,1.560569908777086e+39,,,9.016488104803138e-12,,,,,,,,,,,,,,
"$R_{x,y,z}$",,,,,,110907926498.26643,,,,2.6318454511558026e-147,,,,,,,,,,,
"$R_{x,y,z}HF_{x}$",,,,,,,,,1.087979238691607e+28,4.3503824911025503e-35,,,,,,,,,,,
"$R_{x,y,z}HF_{y}$",,,,,,,,9.191351860744972e-29,,2.547471496928945e-46,,,,,,,,,,,
"$R_{x,y,z}HF_{z}$",,,,,,,3.7996152074995113e+146,2.2986484568775522e+34,3.925460996150617e+45,,,33195895.069968525,,0.050135469997719714,,,,,,,
"$R_{x,y,z}HF_{x,z}$",,,,,,,,,,3.0124206559041525e-08,,,4.0167608193385535e+23,3.5792666105137227e-87,,,,,,,
"$R_{x,y,z}HF_{y,z}$",,,,,,,,,,,,2.4895681992951514e-24,,,,,,,,,
"$R_{x,y,z}HF_{x,y,z}$",,,,,,,,,,19.94595842116335,,2.793868434004341e+86,,,,,,,,,
$R_{x}$,,1e-160,1e-160,,,,,,,,,,,,,,,,,,
$R_{y}$,1e+160,,65022178834026.86,,,1e-160,,,,,,,,,,,,,,,
$R_{z}$,1e+160,1.5379367747004634e-14,,,,,,,,,,,,,,,,,,,
"$R_{x,y}$",,,,,,6.83701692022999e-70,,,,,,,,,,,,,,,
"$R_{y,z}$",,1e+160,,1.4626261886834135e+69,,,7.392808004061085e-49,,,,,,,,,,,,,,
"$R_{x,y,z}$",,,,,,1.3526659957226953e+48,,,1.3232065540041342e-103,,,,,,,,,,,,
"$R_{x,y,z}HF_{x}$",,,,,,,,,4.6109524847095866e-39,1.0546430158411385e-53,,,,,,,,,,,
"$R_{x,y,z}HF_{y}$",,,,,,,7.557399084624513e+102,2.168749305736954e+38,,1.829231563342355e+24,2.0440312631909912e+29,,,1.3370147805003639e-52,,,,,,,
"$R_{x,y,z}HF_{z}$",,,,,,,,9.48188140422513e+52,5.466776432464402e-25,,,,,,,,,,,,
"$R_{x,y,z}HF_{x,y}$",,,,,,,,,4.892293077938904e-30,,,,3209410.033878438,6.76545512176454e-66,,,,,,,
"$R_{x,y,z}HF_{y,z}$",,,,,,,,,,,3.1158374574891627e-07,,,,,,,,,,
"$R_{x,y,z}HF_{x,y,z}$",,,,,,,,,7.479348879193096e+51,,1.4780971597653342e+65,,,,,,,,,,
$R_{x}$,,1e-160,1e-160,,,,,,,,,,,,,,,,,,
$R_{y}$,1e+160,,6.807841009906966e-24,,,,,,,,,,,,,,,,,,
$R_{z}$,1e+160,1.4688944682238778e+23,,,1e-160,,,,,,,,,,,,,,,,
"$R_{x,z}$",,,1e+160,,,1.1382299376514806e+82,1.0043092634606137e+62,,,,,2.3754028286576382e-136,,,,,,,,,
"$R_{y,z}$",,,,,8.785571060126116e-83,,,,,,,,,,,,,,,,
"$R_{x,y,z}$",,,,,9.957092266123634e-63,,,1e-160,,,,,,,,,,,,,
"$R_{x,y,z}HF_{x}$",,,,,,,1e+160,,1.3383221482931944e+16,263.4881765435314,,8.681653744167793e-38,,,,,,,,,
"$R_{x,y,z}HF_{y}$",,,,,,,,7.472042521864653e-17,,2101864112902.8843,,,,,,,,,,,
"$R_{x,y,z}HF_{z}$",,,,,,,,0.0037952367089791905,4.757681497396614e-13,,,,,,,,,,,,
"$R_{x,y,z}HF_{x,y}$",,,,,,,,,,,,5.511837468577532e-21,,,,,,,,,
"$R_{x,y,z}HF_{x,z}$",,,,,4.2098122808294756e+135,,,1.1518542773855561e+37,,,1.81427700961958e+20,,,645117663138.6132,,,,,,,
"$R_{x,y,z}HF_{x,y,z}$",,,,,,,,,,,,1.5501048213977286e-12,,,,,,,,,
$R_{x}$,,1e-160,1e-160,,,,,,,,,,,,,,,,,,
$R_{y}$,1e+160,,2.9023976493077626e+106,,,1e-160,,,,,,,,,,,,,,,
$R_{z}$,1e+160,3.445427266792699e-107,,,,,,,,,,,,,,,,,,,
"$R_{x,y}$",,,,,,5.612466663856235e-106,,,,,,,,,,,,,,,
"$R_{y,z}$",,1e+160,,1.7817477766770665e+105,,,2.2024130436294902e+49,,,,,,,8.739290434416719e-126,,,,,,,
"$R_{x,y,z}$",,,,,,4.540474380555063e-50,,,,3.7082434467118235e-140,,,,,,,,,,,
"$R_{x,y,z}HF_{x}$",,,,,,,,,99031843.43073884,1.5731936308106228e-101,,,,,,,,,,,
"$R_{x,y,z}HF_{y}$",,,,,,,,1.0097762147580164e-08,,3.4183997232216824e-45,,,,,,,,,,,
"$R_{x,y,z}HF_{z}$",,,,,,,2.6966945789029053e+139,6.35649662200023e+100,2.92534542758957e+44,,,,1.6655820742446034e-10,,,,,,,,
"$R_{x,y,z}HF_{x,z}$",,,,,,,,,,,,,5.5306959733796296e-05,,,,,,,,
"$R_{x,y,z}HF_{y,z}$",,,,,,,,,,6003907075.269966,,18080.90708318093,,5.611782044910534e-150,,,,,,,
"$R_{x,y,z}HF_{x,y,z}$",,,,,,1.14425765742015e+125,,,,,,,1.7819651440435487e+149,,,,,,,,
$R_{x}$,,1e-160,1e-160,,,,,,,,,,,,,,,,,,
$R_{y}$,1e+160,,6.014176195472562e-56,,,,,,,,,,,,,,,,,,
$R_{z}$,1e+160,1.6627381165732963e+55,,,5.202723049400695e-137,,,,,,,,,,,,,,,,
"$R_{x,z}$",,,1.9220704052567062e+136,,,2.680277305748626e+57,4.469915521606639e-20,,,,,,,,,,,,,,
"$R_{y,z}$",,,,,3.7309572328774045e-58,,,,,,,,,,,,,,,,
"$R_{x,y,z}$",,,,,2.2371787456971137e+19,,,,,4.997020868979623e-137,,,,,,,,,,,
"$R_{x,y,z}HF_{x}$",,,,,,,,,592788.6382814293,7.97496525420241e-18,,,,,,,,,,,
"$R_{x,y,z}HF_{y}$",,,,,,,,1.6869419138989048e-06,,0.00314670050290152,,,,,,,,,,,
"$R_{x,y,z}HF_{z}$",,,,,,,2.001192362849181e+136,1.253923958443643e+17,317.79319292634193,,,8.372287090155618,,2.7820598803038865e-51,,,,,,,
"$R_{x,y,z}HF_{x,z}$",,,,,,,,,,0.1194416757609554,,,10517593.557241563,6.0280226580962056e-86,,,,,,,
"$R_{x,y,z}HF_{y,z}$",,,,,,,,,,,,9.507878342679263e-08,,,,,,,,,
"$R_{x,y,z}HF_{x,y,z}$",,,,,,,,,,3.5944589369901313e+50,,1.6589187810316293e+85,,,,,,,,,
$R_{x}$,,1e-160,1e-160,,,,,,,,,,,,,,,,,,
$R_{y}$,1e+160,,1.0148945386112917e-96,,,,,,,,,,,,,,,,,,
$R_{z}$,1e+160,9.853240528501884e+95,,,,4.767592582886272e-139,,,,,,,,,,,,,,,
"$R_{x,z}$",,,,,,1.9571494441588575e-18,,,,,,,,,,,,,,,
"$R_{y,z}$",,,2.0974946634273977e+138,,5.109471854510218e+17,,1.3814273346877947e+71,,,,,,,1e-160,,,,,,,
"$R_{x,y,z}$",,,,,,7.23888962444776e-72,,,,3.616196375644193e-144,,,,,,,,,,,
"$R_{x,y,z}HF_{x}$",,,,,,,,,4.3216344773239365e-29,2.2999742045767915e-151,,,,,,,,,,,
"$R_{x,y,z}HF_{y}$",,,,,,,,2.313939333016486e+28,,5.975927814927353e-14,,,,,,,,,,,
"$R_{x,y,z}HF_{z}$",,,,,,,2.7653365473600945e+143,4.347874850118181e+150,16733803201271.71,,,,7.676863846002112e-08,,,,,,,,
"$R_{x,y,z}HF_{x,z}$",,,,,,,,,,,,,0.7677202507051978,,,,,,,,
"$R_{x,y,z}HF_{y,z}$",,,,,,,,,,13026152.60684571,,1.302557798991806,,3.043969699657842e-42,,,,,,,
"$R_{x,y,z}HF_{x,y,z}$",,,,,,1e+160,,,,,,,3.2851838180662745e+41,,,,,,,,
$R_{x}$,,1e-160,1e-160,,,,,,,,,,,,,,,,,,
$R_{y}$,1e+160,,4.468166088179758e+45,,,1e-160,,,,,,,,,,,,,,,
$R_{z}$,1e+160,2.2380546744791666e-46,,,,,,,,,,,,,,,,,,,
"$R_{x,y}$",,,,,,9.91826112938066e-52,,,,,,,,,,,,,,,
"$R_{y,z}$",,1e+160,,1.0082412501095788e+51,,,82287825.29174511,,,1.838372447809805e-111,,,,7.920730961934514e-132,,,,,,,
"$R_{x,y,z}$",,,,,,1.2152466011279038e-08,,,,1e-160,,,,,,,,,,,
"$R_{x,y,z}HF_{x}$",,,,,,,,,5.45440174893679e-44,5.46060108644869e-34,,,,,,,,,,,
"$R_{x,y,z}HF_{y}$",,,,,,,,1.833381635657709e+43,,6.231879201990606e-16,,,,,,,,,,,
"$R_{x,y,z}HF_{z}$",,,,,,5.439594143131209e+110,1e+160,1.8313002253207102e+33,1604652413160667.2,,,6012671.881167283,,7.799949990515608e-14,,,,,,,
"$R_{x,y,z}HF_{x,z}$",,,,,,,,,,1.6631541181087414e-07,,,2.3001682064225327e+53,5.808954045116174e-65,,,,,,,
"$R_{x,y,z}HF_{y,z}$",,,,,,,,,,,,4.347508139656042e-54,,,,,,,,,
"$R_{x,y,z}HF_{x,y,z}$",,,,,,1.2625097415955734e+131,,,,12820595019403.398,,1.7214803082161427e+64,,,,,,,,,
$R_{x}$,,1e-160,1e-160,,,,,,,,,,,,,,,,,,
$R_{y}$,1e+160,,inf,,,4.791191093255391e-71,,,,,,,,,,,,,,,
$R_{z}$,1e+160,0.0,,,,,,,,,,,,,,,,,,,
"$R_{x,y}$",,,,,,1.0638935658951435e-68,,,,,,,,,,,,,,,
"$R_{y,z}$",,2.0871636729491136e+70,,9.399436485534298e+67,,,9106625062.0822,,,,,,,1.0730553639688707e-160,,,,,,,
"$R_{x,y,z}$",,,,,,1.098101649274834e-10,,,,1.0296672015511477e-103,,,,,,,,,,,
"$R_{x,y,z}HF_{x}$",,,,,,,,,4.805691022968955e+22,1.3364386101705773e-27,,,,,,,,,,,
"$R_{x,y,z}HF_{y}$",,,,,,,,2.0808661963918773e-23,,3.983915198651859e-20,,,,,,,,,,,
"$R_{x,y,z}HF_{z}$",,,,,,,9.71187582253319e+102,7.482573403595129e+26,2.5100935891868283e+19,,,,7.189551771230052e-13,,,,,,,,
"$R_{x,y,z}HF_{x,z}$",,,,,,,,,,,,,1e-160,,,,,,,,
"$R_{x,y,z}HF_{y,z}$",,,,,,,,,,1390907294112.0376,,1e+160,,1.3517657090826034e-151,,,,,,,
"$R_{x,y,z}HF_{x,y,z}$",,,,,,9.31918364679094e+159,,,,,,,7.397731672588923e+150,,,,,,,,
$R_{x}$,,1e-160,1e-160,,,,,,,,,,,,,,,,,,
$R_{y}$,1e+160,,1e-160,,,,,,,,,,,,,,,,,,
$R_{z}$,1e+160,1e+160,,,1e-160,,,,,,,,,,,,,,,,
"$R_{x,z}$",,,1e+160,,,5.865982510001372e+18,1.8031048047503741e+81,,,,,,1.1646441050541858e-133,,,,,,,,
"$R_{y,z}$",,,,,1.7047442577522552e-19,,,,,,,,,,,,,,,,
"$R_{x,y,z}$",,,,,5.54598932555361e-82,,,,,2.0099857453930042e-78,,,,,,,,,,,
"$R_{x,y,z}HF_{x}$",,,,,,,,,8.386280316777073e+36,1.0987767189575152e-95,,,,,,,,,,,
"$R_{x,y,z}HF_{y}$",,,,,,,,1.1924237710006686e-37,,1.5674432438682978e-48,,,,,,,,,,,
"$R_{x,y,z}HF_{z}$",,,,,,,4.975159661167021e+77,9.101030106906238e+94,6.379816327716576e+47,,,,3.548600975522581e-06,,,,,,,,
"$R_{x,y,z}HF_{x,z}$",,,,,,,,,,,,,0.19880840324450608,,,,,,,,
"$R_{x,y,z}HF_{y,z}$",,,,,8.586314013528402e+132,,,,,281801.19627362053,,5.029968470548713,,10748018.583684541,,,,,,,
"$R_{x,y,z}HF_{x,y,z}$",,,,,,,,,,,,,9.304040481638141e-08,,,,,,,,
$R_{x}$,,1e-160,1e-160,,,,,,,,,,,,,,,,,,
$R_{y}$,1e+160,,1e-160,,,,,,,,,,,,,,,,,,
$R_{z}$,1e+160,1e+160,,,,1.4581805574283182e-144,,,,,,,,,,,,,,,
"$R_{x,z}$",,,,,,1.9674735379454681e-69,,,,,,,,,,,,,,,
"$R_{y,z}$",,,6.857861290947561e+143,,5.082660481646166e+68,,6554526510.586558,,,,,,,4.2079762528465974e-126,,,,,,,
"$R_{x,y,z}$",,,,,,1.5256632166867397e-10,,,1.0128046545969859e-17,,,,,,,,,,,,
"$R_{x,y,z}HF_{x}$",,,,,,,,,1.1822265601919005e-138,0.11754495432889459,,,,,,,,,,,
"$R_{x,y,z}HF_{y}$",,,,,,,9.873572316844445e+16,8.458615579045007e+137,,28281.50166625495,3.441057317193639e-22,,,,,,,,,,
"$R_{x,y,z}HF_{z}$",,,,,,,,8.507383457753258,3.535880137486421e-05,,,,,,,,,,,,
"$R_{x,y,z}HF_{x,y}$",,,,,,,,,2.906083531370968e+21,,,,4.371714996618347e+31,1.797746895733638e-32,,,,,,,
"$R_{x,y,z}HF_{y,z}$",,,,,,,,,,,2.2874318220047055e-32,,,,,,,,,,
"$R_{x,y,z}HF_{x,y,z}$",,,,,,2.3764392665560396e+125,,,,,5.562518296503093e+31,,,,,,,,,,
$R_{x}$,,1e-160,1e-160,,,,,,,,,,,,,,,,,,
$R_{y}$,1e+160,,20900.053401387548,,,1e-160,,,,,,,,,,,,,,,
$R_{z}$,1e+160,4.784676769934044e-05,,,,,,,,,,,,,,,,,,,
"$R_{x,y}$",,,,,,1e-160,,,,,,,,,,,,,,,
"$R_{y,z}$",,1e+160,,1e+160,,,3.117065497788352e+77,,,,,,,1.00359822626405e-132,,,,,,,
"$R_{x,y,z}$",,,,,,3.208145612305962e-78,,,,7.275746328428969e-89,,,,,,,,,,,
"$R_{x,y,z}HF_{x}$",,,,,,,,,5.549495553072103e+23,1e-160,,,,,,,,,,,
"$R_{x,y,z}HF_{y}$",,,,,,,,1.8019655848654885e-24,,0.07004650093743131,,,,,,,,,,,
"$R_{x,y,z}HF_{z}$",,,,,,,1.3744294466296038e+88,1e+160,14.276230598488354,,,,7.731588380691423e-13,,,,,,,,
"$R_{x,y,z}HF_{x,z}$",,,,,,,,,,,,,4.0427993466876045e-07,,,,,,,,
"$R_{x,y,z}HF_{y,z}$",,,,,,,,,,1293395290542.5776,,2473533.594536004,,2.798453624322374e-27,,,,,,,
"$R_{x,y,z}HF_{x,y,z}$",,,,,,9.964146745481561e+131,,,,,,,3.5734020793077926e+26,,,,,,,,
$R_{x}$,,1e-160,1e-160,,,,,,,,,,,,,,,,,,
$R_{y}$,1e+160,,1.712575815341404e-114,,,,,,,,,,,,,,,,,,
$R_{z}$,1e+160,5.839157548774848e+113,,,4.866593032491365e-139,,,,,,,,,,,,,,,,
"$R_{x,z}$",,,2.0548256106964177e+138,,,1.4266061541869803e+102,1.8467075506011042e+29,,,,,,,1e-160,,,,,,,
"$R_{y,z}$",,,,,7.009643110434343e-103,,,,,,,,,,,,,,,,
"$R_{x,y,z}$",,,,,5.4150425695422075e-30,,,1.3011528567785225e-143,,,,,,,,,,,,,
"$R_{x,y,z}HF_{x}$",,,,,,,7.685492098721314e+142,,9895402.17273764,113843401713472.22,1.888353861478589e-110,,,,,,,,,,
"$R_{x,y,z}HF_{y}$",,,,,,,,1.0105703462513665e-07,,2.4475267059339907e-25,,,,,,,,,,,
"$R_{x,y,z}HF_{z}$",,,,,,,,8.783996129322092e-15,4.085757256807517e+24,,,,,,,,,,,,
"$R_{x,y,z}HF_{x,y}$",,,,,,,,5.295617629722195e+109,,,,1.572670976859899e+44,,5.271943801916669e-19,,,,,,,
"$R_{x,y,z}HF_{x,z}$",,,,,,,,,,,6.358609109685915e-45,,,,,,,,,,
"$R_{x,y,z}HF_{x,y,z}$",,,,,1e+160,,,,,,1.8968335732949957e+18,,,,,,,,,,
$R_{x}$,,1e-160,1e-160,,,,,,,,,,,,,,,,,,
$R_{y}$,1e+160,,5.95873008451262e-73,,,,,,,,,,,,,,,,,,
$R_{z}$,1e+160,1.678209930332484e+72,,,1e-160,,,,,,,,,,,,,,,,
"$R_{x,z}$",,,1e+160,,,33076774835.97105,5.781040456212452e+21,,,,,3.242568641553587e-143,,,,,,,,,
"$R_{y,z}$",,,,,3.023269363349471e-11,,,,,,,,,,,,,,,,
"$R_{x,y,z}$",,,,,1.7297924267687398e-22,,,,,6.709901917360237e-156,,,,,,,,,,,
"$R_{x,y,z}HF_{x}$",,,,,,,,,1.393539898997428e-45,1.247563169840481e-125,,,,,,,,,,,
"$R_{x,y,z}HF_{y}$",,,,,,,,7.175969634736993e+44,,1.7683146348860146e-17,,,,,,,,,,,
"$R_{x,y,z}HF_{z}$",,,,,,,1.490334750516611e+155,8.01562617568988e+124,5.6551022101587704e+16,,,9.142906714115122e-14,,,,,,,,,
"$R_{x,y,z}HF_{x,z}$",,,,,3.0839748068397953e+142,,,,,10937440698767.79,,,409.30298294915764,9.042267383677828e+75,,,,,,,
"$R_{x,y,z}HF_{y,z}$",,,,,,,,,,,,0.002443177894269627,,,,,,,,,
"$R_{x,y,z}HF_{x,y,z}$",,,,,,,,,,,,1.1059173076490718e-76,,,,,,,,,
$R_{x}$,,1e-160,1e-160,,,,,,,,,,,,,,,,,,
$R_{y}$,1e+160,,5.781893552645917e+29,,,1e-160,,,,,,,,,,,,,,,
$R_{z}$,1e+160,1.7295372024661e-30,,,,,,,,,,,,,,,,,,,
"$R_{x,y}$",,,,,,7.307526179699717e-55,,,,,,,,,,,,,,,
"$R_{y,z}$",,1e+160,,1.3684521620709298e+54,,,1697.72825395414,,,8.289058669593525e-112,,,,3.4543612354104257e-140,,,,,,,
"$R_{x,y,z}$",,,,,,0.0005890224172631415,,,,8.585036023348305e-99,,,,,,,,,,,
"$R_{x,y,z}HF_{x}$",,,,,,,,,2.282186165582191e-23,1.373001529358944e-29,,,,,,,,,,,
"$R_{x,y,z}HF_{y}$",,,,,,,,4.381763482230634e+22,,2.7776734286057717e-12,,,,,,,,,,,
"$R_{x,y,z}HF_{z}$",,,,,,1.2064096055542064e+111,1.1648174769218773e+98,7.283313081718861e+28,360013524160.7366,,,,0.021287535010124363,1.983568343128447e-16,,,,,,,
"$R_{x,y,z}HF_{x,z}$",,,,,,,,,,,,,3.2164722625248467e-26,,,,,,,,
"$R_{x,y,z}HF_{y,z}$",,,,,,,,,,46.975847580492506,,3.1089961870680837e+25,,9.115367954151534e-20,,,,,,,
"$R_{x,y,z}HF_{x,y,z}$",,,,,,2.894891216787251e+139,,,,5041419437168566.0,,,1.0970484187032259e+19,,,,,,,,
$R_{x}$,,1e-160,1e-160,,,,,,,,,,,,,,,,,,
$R_{y}$,1e+160,,1.7143844043731224e-18,,,,,,,,,,,,,,,,,,
$R_{z}$,1e+160,5.83299753222882e+17,,,,1e-160,,,,,,,,,,,,,,,
"$R_{x,z}$",,,,,,1.1057725562251317e-10,,,,,,,,,,,,,,,
"$R_{y,z}$",,,1e+160,,9043451063.876858,,1.518454630434476e+58,,5.4503969763477215e-146,,,,,1e-160,,,,,,,
"$R_{x,y,z}$",,,,,,6.585642929047342e-59,,,1.9450169184154304e-109,,,,,,,,,,,,
"$R_{x,y,z}HF_{x}$",,,,,,,,,6.216677269757824e-39,1.3874416660226434e-38,,,,,,,,,,,
"$R_{x,y,z}HF_{y}$",,,,,,1.8347287442356063e+145,5.141343453272795e+108,1.6085763448983992e+38,,33591.17964185625,,,1.9329876817498558e+28,1.8927264329049955e-47,,,,,,,
"$R_{x,y,z}HF_{z}$",,,,,,,,7.207510229000718e+37,2.9769719630624438e-05,,,,,,,,,,,,
"$R_{x,y,z}HF_{x,y}$",,,,,,,,,,,,,1.283409027859883e-25,,,,,,,,
"$R_{x,y,z}HF_{y,z}$",,,,,,,,,5.173338710026027e-29,,7.791748213486742e+24,,,9.284189705456986e-61,,,,,,,
"$R_{x,y,z}HF_{x,y,z}$",,,,,,1e+160,,,5.283383708363915e+46,,,,1.077099921183459e+60,,,,,,,,
$R_{x}$,,1e-160,1e-160,,,,,,,,,,,,,,,,,,
$R_{y}$,1e+160,,2.825398134491495e-37,,,,,,,,,,,,,,,,,,
$R_{z}$,1e+160,3.5393242028170885e+36,,,,1e-160,,,,,,,,,,,,,,,
"$R_{x,z}$",,,,,,6.180316763642233e-12,,,,,,,,,,,,,,,
"$R_{y,z}$",,,1e+160,,161804004267.6829,,2.0866332983507304e+16,,,,,,,1e-160,,,,,,,
"$R_{x,y,z}$",,,,,,4.7924089047672984e-17,,,,1.3402869150973425e-117,,,,,,,,,,,
"$R_{x,y,z}HF_{x}$",,,,,,,,,6.456994079134553e+23,1.886166478391781e-16,,,,,,,,,,,
"$R_{x,y,z}HF_{y}$",,,,,,,,1.5487082499137626e-24,,4.291807180250104e-17,,,,,,,,,,,
"$R_{x,y,z}HF_{z}$",,,,,,,7.461089030533227e+116,5301758945756681.0,2.3300208000997036e+16,,,2.5250184427626547e-09,,,,,,,,,
"$R_{x,y,z}HF_{x,z}$",,,,,,,,,,396036711.28274506,,,7.351798749557147e+18,1.0737390757887814e-79,,,,,,,
"$R_{x,y,z}HF_{y,z}$",,,,,,,,,,,,1.3602113361172155e-19,,,,,,,,,
"$R_{x,y,z}HF_{x,y,z}$",,,,,,1e+160,,,,,,9.313249583148384e+78,,,,,,,,,
$R_{x}$,,1e-160,1e-160,,,,,,,,,,,,,,,,,,
$R_{y}$,1e+160,,2.266260799089558e-67,,,,,,,,,,,,,,,,,,
$R_{z}$,1e+160,4.412554814528573e+66,,,1e-160,,,,,,,,,,,,,,,,
"$R_{x,z}$",,,1e+160,,,1.0183879835597437e+39,6.431719447602698e+22,,,2.398446555645373e-98,,,,3.823884844251487e-136,,,,,,,
"$R_{y,z}$",,,,,9.819440293320536e-40,,,,,,,,,,,,,,,,
"$R_{x,y,z}$",,,,,1.554794185515556e-23,,,,,1.5446262085229783e-127,,,,,,,,,,,
"$R_{x,y,z}HF_{x}$",,,,,,,,,1.4088797314623146e-38,2.0946187545645662e-22,,,,,,,,,,,
"$R_{x,y,z}HF_{y}$",,,,,,,,7.097837932284488e+37,,0.0005628632419994767,,,,,,,,,,,
"$R_{x,y,z}HF_{z}$",,,,,4.169365365453892e+97,,6.474058218630335e+126,4.774138481386233e+21,1776.6304945543588,,,,0.16262013091030428,6.198155448240263e+22,,,,,,,
"$R_{x,y,z}HF_{x,z}$",,,,,,,,,,,,,6.947452551490877e-14,,,,,,,,
"$R_{x,y,z}HF_{y,z}$",,,,,,,,,,6.1493001782882954,,14393765089988.37,,3.885987276561872e-13,,,,,,,
"$R_{x,y,z}HF_{x,y,z}$",,,,,2.615141513749603e+135,,,,,1.613383220783714e-23,,,2573348621163.655,,,,,,,,
$R_{x}$,,1e-160,1e-160,,,,,,,,,,,,,,,,,,
$R_{y}$,1e+160,,777311372512.9684,,,1e-160,,,,,,,,,,,,,,,
$R_{z}$,1e+160,1.2864857447886063e-12,,,,,,,,,,,,,,,,,,,
"$R_{x,y}$",,,,,,8.095302315447927e-41,,,,,,,,,,,,,,,
"$R_{y,z}$",,1e+160,,1.235284318031881e+40,,,4.299938358136687e+25,,,2.1433558716928371e-29,,,,1e-160,,,,,,,
"$R_{x,y,z}$",,,,,,2.325614733773381e-26,,,,2.5934260282576124e-137,,,,,,,,,,,
"$R_{x,y,z}HF_{x}$",,,,,,,,,2.4203494804666255e+37,7.886322288312162e-21,,,,,,,,,,,
"$R_{x,y,z}HF_{y}$",,,,,,,,4.131634741472159e-38,,1.843537323851612e-36,,,,,,,,,,,
"$R_{x,y,z}HF_{z}$",,,,,,4.665580798816172e+28,3.8559033074556125e+136,1.2680181755722044e+20,5.4243545116339116e+35,,,,0.0005199553827423389,1.0589623538014046e-43,,,,,,,
"$R_{x,y,z}HF_{x,z}$",,,,,,,,,,,,,3.683524799112981e-21,,,,,,,,
"$R_{x,y,z}HF_{y,z}$",,,,,,,,,,1923.2419418870495,,2.714791007354714e+20,,2.8387340644462454e-33,,,,,,,
"$R_{x,y,z}HF_{x,y,z}$",,,,,,1e+160,,,,9.443206327498377e+42,,,3.52269700964423e+32,,,,,,,,
$R_{x}$,,1e-160,1e-160,,,,,,,,,,,,,,,,,,
$R_{y}$,1e+160,,1.3305070500282791e+38,,,1e-160,,,,,,,,,,,,,,,
$R_{z}$,1e+160,7.515931614032001e-39,,,,,,,,,,,,,,,,,,,
"$R_{x,y}$",,,,,,9.604989338608616e-61,,,,,,,,,,,,,,,
"$R_{y,z}$",,1e+160,,1.0411255699997066e+60,,,5.812102371515614e+60,,,,,,,3.309543249429596e-66,,,,,,,
"$R_{x,y,z}$",,,,,,1.7205478088288237e-61,,,,1.4444970776838085e-130,,,,,,,,,,,
"$R_{x,y,z}HF_{x}$",,,,,,,,,2.6255057110318765e-50,1e-160,,,,,,,,,,,
"$R_{x,y,z}HF_{y}$",,,,,,,,3.808790039184413e+49,,3.289488913852187e-08,,,,,,,,,,,
"$R_{x,y,z}HF_{z}$",,,,,,,6.922824666446946e+129,1e+160,30399859.254395258,,,,2.3611482649437818e-09,,,,,,,,
"$R_{x,y,z}HF_{x,z}$",,,,,,,,,,,,,3.370231264714356e-08,,,,,,,,
"$R_{x,y,z}HF_{y,z}$",,,,,,,,,,423522747.32049054,,29671554.307557438,,3.600569559082476e-25,,,,,,,
"$R_{x,y,z}HF_{x,y,z}$",,,,,,3.0215649853566693e+65,,,,,,,2.777338372695756e+24,,,,,,,,
$R_{x}$,,1e-160,1e-160,,,,,,,,,,,,,,,,,,
$R_{y}$,1e+160,,228142.4452512522,,,6.683485866058529e-160,,,,,,,,,,,,,,,
$R_{z}$,1e+160,4.383226448277543e-06,,,,,,,,,,,,,,,,,,,
"$R_{x,y}$",,,,,,6.277954357477708e-66,,,,,,,,,,,,,,,
"$R_{y,z}$",,1.496225203495093e+159,,1.5928755499932779e+65,,,1.479587339737163e-53,,,,,,,,,,,,,,
"$R_{x,y,z}$",,,,,,6.758641231531774e+52,,1.0504365673081547e-59,,,,,,,,,,,,,
"$R_{x,y,z}HF_{x}$",,,,,,,9.519851375343841e+58,,2801.2515402304894,29195086.847765025,,1.9825923277490595e-36,,,,,,,,,
"$R_{x,y,z}HF_{y}$",,,,,,,,0.00035698329323103885,,12976529.031076182,,,,,,,,,,,
"$R_{x,y,z}HF_{z}$",,,,,,,,3.425233859431225e-08,7.706220959435306e-08,,,,,,,,,,,,
"$R_{x,y,z}HF_{x,y}$",,,,,,,,,,,,0.011585976198154884,,,,,,,,,
"$R_{x,y,z}HF_{x,z}$",,,,,,,,5.0439012902635015e+35,,,86.31124239313164,,,129508497239.5033,,,,,,,
"$R_{x,y,z}HF_{x,y,z}$",,,,,,,,,,,,7.721501069931149e-12,,,,,,,,,
$R_{x}$,,1e-160,1e-160,,,,,,,,,,,,,,,,,,
$R_{y}$,1e+160,,1.4268168094437402e-51,,,,,,,,,,,,,,,,,,
$R_{z}$,1e+160,7.008608206612457e+50,,,,2.1712397693607876e-122,,,,,,,,,,,,,,,
"$R_{x,z}$",,,,,,4.161790251421715e-21,,,,,,,,,,,,,,,
"$R_{y,z}$",,,4.605663612611516e+121,,2.4028121063006208e+20,,2.1576822111060283e+48,,,5.918601121955904e-102,,5.760152549824707e-88,,,,,,,,,
"$R_{x,y,z}$",,,,,,4.6346027920738144e-49,,,,3.9089955330070754e-144,,,,,,,,,,,
"$R_{x,y,z}HF_{x}$",,,,,,,,,1576823552843.6067,9.91948408848678e-29,,,,,,,,,,,
"$R_{x,y,z}HF_{y}$",,,,,,,,6.341863667603287e-13,,1.844490528807106e-23,,,,,,,,,,,
"$R_{x,y,z}HF_{z}$",,,,,,1.689588433811422e+101,2.558201951258638e+143,1.008116945477706e+28,5.421551286830047e+22,,,2117556811970.4475,,,,,,,,,
"$R_{x,y,z}HF_{x,z}$",,,,,,1.7360651325639492e+87,,,,4.722423475710535e-13,,,2.7839940842606028e+16,7.148059822530116e+21,,,,,,,
"$R_{x,y,z}HF_{y,z}$",,,,,,,,,,,,3.5919616555707896e-17,,,,,,,,,
"$R_{x,y,z}HF_{x,y,z}$",,,,,,,,,,,,1.3989810169860072e-22,,,,,,,,,
$R_{x}$,,1e-160,1e-160,,,,,,,,,,,,,,,,,,
$R_{y}$,1e+160,,6.384888774979033e+62,,,1e-160,,,,,,,,,,,,,,,
$R_{z}$,1e+160,1.566197995364898e-63,,,,,,,,,,,,,,,,,,,
"$R_{x,y}$",,,,,,1.2222120611589499e-09,,,,,,,,,,,,,,,
"$R_{y,z}$",,1e+160,,818188620.2724594,,,3.895420536641339e-34,,,,,,,,,,,,,,
"$R_{x,y,z}$",,,,,,2.56711692766863e+33,,5.923871666169363e-148,,,,,,,,,,,,,
"$R_{x,y,z}HF_{x}$",,,,,,,1.6880851854217228e+147,,7485889.936329226,5.465363212746963e+16,,4.432969342397758e-40,,,,,,,,,
"$R_{x,y,z}HF_{y}$",,,,,,,,1.3358465172550468e-07,,2.14748033321955e-48,,,,,,,,,,,
"$R_{x,y,z}HF_{z}$",,,,,,,,1.8297045613870314e-17,4.656620060872818e+47,,,,,,,,,,,,
"$R_{x,y,z}HF_{x,y}$",,,,,,,,,,,,5.669421483387801e-84,,,,,,,,,
"$R_{x,y,z}HF_{x,z}$",,,,,,,,2.2558243081805476e+39,,,1.7638483978129692e+83,,,9.390580571736278e-147,,,,,,,
"$R_{x,y,z}HF_{x,y,z}$",,,,,,,,,,,,1.0648968850869508e+146,,,,,,,,,
$R_{x}$,,1e-160,1e-160,,,,,,,,,,,,,,,,,,
$R_{y}$,1e+160,,1e-160,,,,,,,,,,,,,,,,,,
$R_{z}$,1e+160,1e+160,,,,1e-160,,,,,,,,,,,,,,,
"$R_{x,z}$",,,,,,5.480895218638881e-25,,,,,,,,,,,,,,,
"$R_{y,z}$",,,1e+160,,1.8245194628047258e+24,,1.0994096080351855e+56,,,,,,,1.0718202831503869e-129,,,,,,,
"$R_{x,y,z}$",,,,,,9.09579098355484e-57,,,,1.1459494733692597e-144,,,,,,,,,,,
"$R_{x,y,z}HF_{x}$",,,,,,,,,1.3712859248999518e-08,4.3772588933171564e-08,,,,,,,,,,,
"$R_{x,y,z}HF_{y}$",,,,,,,,72924251.7437025,,2.577754455003214e-16,,,,,,,,,,,
"$R_{x,y,z}HF_{z}$",,,,,,,8.726388232980754e+143,22845347.38227887,3879345443702290.5,,,,4.462369813035851e-26,,,,,,,,
"$R_{x,y,z}HF_{x,z}$",,,,,,,,,,,,,1.2995715312801155e-26,,,,,,,,
"$R_{x,y,z}HF_{y,z}$",,,,,,,,,,2.2409617353512827e+25,,7.6948438460711055e+25,,1.2618823733617087e-15,,,,,,,
"$R_{x,y,z}HF_{x,y,z}$",,,,,,9.329922336053517e+128,,,,,,,792466890028709.4,,,,,,,,
$R_{x}$,,1e-160,1e-160,,,,,,,,,,,,,,,,,,
$R_{y}$,1e+160,,inf,,,1e-160,,,,,,,,,,,,,,,
$R_{z}$,1e+160,0.0,,,,,,,,,,,,,,,,,,,
"$R_{x,y}$",,,,,,1.0525478299004297e-72,,,,,,,,,,,,,,,
"$R_{y,z}$",,1e+160,,9.500755895288857e+71,,,5.056354991727982e+34,,,2.0126604448108043e-159,,,,2.183408111866423e-157,,,,,,,
"$R_{x,y,z}$",,,,,,1.9777092424008295e-35,,,,1.398942863283628e-157,,,,,,,,,,,
"$R_{x,y,z}HF_{x}$",,,,,,,,,1.5522567541593724e-113,1.7155834045094732e-28,,,,,,,,,,,
"$R_{x,y,z}HF_{y}$",,,,,,,,6.442233202209849e+112,,4.770759463891389e-29,,,,,,,,,,,
"$R_{x,y,z}HF_{z}$",,,,,,4.968547986215344e+158,7.148254773270575e+156,5.828920922010925e+27,2.0961023241031837e+28,,,,0.8212152609740553,1.2638609632414312e-15,,,,,,,
"$R_{x,y,z}HF_{x,z}$",,,,,,,,,,,,,5.6256734062721505e-12,,,,,,,,
"$R_{x,y,z}HF_{y,z}$",,,,,,,,,,1.2177075214285296,,177756497361.73532,,1.339044782484428e-52,,,,,,,
"$R_{x,y,z}HF_{x,y,z}$",,,,,,4.579995808228353e+156,,,,791226273367360.2,,,7.468010129912359e+51,,,,,,,,
$R_{x}$,,1e-160,1e-160,,,,,,,,,,,,,,,,,,
$R_{y}$,1e+160,,2.0437820727754392e+38,,,9.287993113967129e-126,,,,,,,,,,,,,,,
$R_{z}$,1e+160,4.89288957624532e-39,,,,,,,,,,,,,,,,,,,
"$R_{x,y}$",,,,,,6.497017735609464e-39,,,,,,,,,,,,,,,
"$R_{y,z}$",,1.0766588516266413e+125,,1.539167723860605e+38,,,1.6186165101826327e-31,,,,,,,,,,,,,,
"$R_{x,y,z}$",,,,,,6.178115654381701e+30,,,,1.0168010444775956e-88,,,,,,,,,,,
"$R_{x,y,z}HF_{x}$",,,,,,,,,2.5189823489437357e+26,1.8410029593889938e-08,,,,,,,,,,,
"$R_{x,y,z}HF_{y}$",,,,,,,,3.969857114796068e-27,,4.633349764300701e-15,,,,,,,,,,,
"$R_{x,y,z}HF_{z}$",,,,,,,9.834765664641627e+87,54318217.952886276,215826572754091.94,,,5.18442208999282e-13,,,,,,,,,
"$R_{x,y,z}HF_{x,z}$",,,,,,,,,,1928855295039.0366,,,9.694318754295966e+18,1.0702619287837786e+24,,,,,,,
"$R_{x,y,z}HF_{y,z}$",,,,,,,,,,,,1.0315319986325572e-19,,,,,,,,,
"$R_{x,y,z}HF_{x,y,z}$",,,,,,,,,,,,9.343507164983223e-25,,,,,,,,,
$R_{x}$,,1e-160,1e-160,,,,,,,,,,,,,,,,,,
$R_{y}$,1e+160,,1.197407633384007e+20,,,1e-160,,,,,,,,,,,,,,,
$R_{z}$,1e+160,8.35137485447532e-21,,,,,,,,,,,,,,,,,,,
"$R_{x,y}$",,,,,,1.3809639864636286e-78,,,,,,,,,,,,,,,
"$R_{y,z}$",,1e+160,,7.241318454370408e+77,,,2.8865728021134038e-05,,3.7818954969636125e-100,,,,,1e-160,,,,,,,
"$R_{x,y,z}$",,,,,,34643.158809916386,,,2.539751031558775e-134,,,,,,,,,,,,
"$R_{x,y,z}HF_{x}$",,,,,,,,,2.4509751309802815e-56,2.072035119808182e-11,,,,,,,,,,,
"$R_{x,y,z}HF_{y}$",,,,,,2.644176711923623e+99,3.9373938137009e+133,4.0800087579837836e+55,,11713074428.42821,,,12929769.858259866,4.094341321131436e-31,,,,,,,
"$R_{x,y,z}HF_{z}$",,,,,,,,48261730240.00552,8.537468160988977e-11,,,,,,,,,,,,
"$R_{x,y,z}HF_{x,y}$",,,,,,,,,,,,,4.100802653787528e-65,,,,,,,,
"$R_{x,y,z}HF_{y,z}$",,,,,,,,,7.734089708960864e-08,,2.4385469978088157e+64,,,4.993075447888224e-76,,,,,,,
"$R_{x,y,z}HF_{x,y,z}$",,,,,,1e+160,,,2.442395300164322e+30,,,,2.002773662118286e+75,,,,,,,,
$R_{x}$,,1e-160,1e-160,,,,,,,,,,,,,,,,,,
$R_{y}$,1e+160,,2.059129876299663e+42,,,1e-160,,,,,,,,,,,,,,,
$R_{z}$,1e+160,4.856420236090397e-43,,,,,,,,,,,,,,,,,,,
"$R_{x,y}$",,,,,,5.2987084659567614e-67,,,,,,,,,,,,,,,
"$R_{y,z}$",,1e+160,,1.887252349180594e+66,,,1.8227039051688452e+84,,,,,,,5.594583405936171e-144,,,,,,,
"$R_{x,y,z}$",,,,,,5.486354624929415e-85,,,,5.47083484518474e-132,,,,,,,,,,,
"$R_{x,y,z}HF_{x}$",,,,,,,,,1.0302548158900787e+31,1.3189786540635615e-20,,,,,,,,,,,
"$R_{x,y,z}HF_{y}$",,,,,,,,9.706336573986889e-32,,1.0476731374316155e-47,,,,,,,,,,,
"$R_{x,y,z}HF_{z}$",,,,,,,1.827874590073157e+131,7.581623833859331e+19,9.544961727772396e+46,,,1.0794816411535782e-35,,,,,,,,,
"$R_{x,y,z}HF_{x,z}$",,,,,,,,,,9.263705484896985e+34,,,9.683369031982426e+28,1.1437484264763568e-55,,,,,,,
"$R_{x,y,z}HF_{y,z}$",,,,,,,,,,,,1.0326984303677572e-29,,,,,,,,,
"$R_{x,y,z}HF_{x,y,z}$",,,,,,1.7874431882433697e+143,,,,,,8.743181427412191e+54,,,,,,,,,
$R_{x}$,,1e-160,1e-160,,,,,,,,,,,,,,,,,,
$R_{y}$,1e+160,,3.7166813862195846e+72,,,1e-160,,,,,,,,,,,,,,,
$R_{z}$,1e+160,2.6905723038507427e-73,,,,,,,,,,,,,,,,,,,
"$R_{x,y}$",,,,,,1.3710731808788126e-89,,,,,,,,,,,,,,,
"$R_{y,z}$",,1e+160,,7.293556711240118e+88,,,3.9040942350434684e-40,,,,,,,,,,,,,,
"$R_{x,y,z}$",,,,,,2.561413582243785e+39,,,,4.811187916822931e-130,,,,,,,,,,,
"$R_{x,y,z}HF_{x}$",,,,,,,,,5.746371733067722e-33,2.2612044494896772e-29,,,,,,,,,,,
"$R_{x,y,z}HF_{y}$",,,,,,,,1.740228524105847e+32,,1.498476023461817e-08,,,,,,,,,,,
"$R_{x,y,z}HF_{z}$",,,,,,,2.0784887584693433e+129,4.422421865593296e+28,66734467.842186406,,,8.975825151392618e-36,,,,,,,,,
"$R_{x,y,z}HF_{x,z}$",,,,,,,,,,1.1141036986943178e+35,,,2.4150288342389586e+41,1.8230002080615677e-09,,,,,,,
"$R_{x,y,z}HF_{y,z}$",,,,,,,,,,,,4.140737310555247e-42,,,,,,,,,
"$R_{x,y,z}HF_{x,y,z}$",,,,,,,,,,,,548546289.5603944,,,,,,,,,
$R_{x}$,,1e-160,1e-160,,,,,,,,,,,,,,,,,,
$R_{y}$,1e+160,,3.837457914876754e+22,,,1.6860096574135937e-130,,,,,,,,,,,,,,,
$R_{z}$,1e+160,2.60589177049546e-23,,,,,,,,,,,,,,,,,,,
"$R_{x,y}$",,,,,,1.743015487003817e-56,,,,,,,,,,,,,,,
"$R_{y,z}$",,5.931164128288802e+129,,5.737183676543031e+55,,,8.816546820100356e+34,,,,,2.1451775317489673e-106,,1.9342089975693349e-78,,,,,,,
"$R_{x,y,z}$",,,,,,1.1342309187539905e-35,,,,4.268302099033809e-118,,,,,,,,,,,
"$R_{x,y,z}HF_{x}$",,,,,,,,,2.2921864785389707e-25,7.004949861771084e-114,,,,,,,,,,,
"$R_{x,y,z}HF_{y}$",,,,,,,,4.3626467975563466e+24,,1.8381294056640283e-14,,,,,,,,,,,
"$R_{x,y,z}HF_{z}$",,,,,,,2.3428519743866403e+117,1.4275619665137286e+113,54403133801058.35,,,1.7417253262949357e-19,,,,,,,,,
"$R_{x,y,z}HF_{x,z}$",,,,,,4.661618841330573e+105,,,,5.741433421808466e+18,,,485347657670158.2,2.3256422610146597e-139,,,,,,,
"$R_{x,y,z}HF_{y,z}$",,,,,,,,,,,,2.0603787495346253e-15,,,,,,,,,
"$R_{x,y,z}HF_{x,y,z}$",,,,,,5.170072113492758e+77,,,,,,4.299887462329257e+138,,,,,,,,,
$R_{x}$,,1e-160,1e-160,,,,,,,,,,,,,,,,,,
$R_{y}$,1e+160,,1.8688081628442463e+51,,,6.52184669756256e-151,,,,,,,,,,,,,,,
$R_{z}$,1e+160,5.351004024287023e-52,,,,,,,,,,,,,,,,,,,
"$R_{x,y}$",,,,,,2.7998071971035635e-61,,,,,,,,,,,,,,,
"$R_{y,z}$",,1.5333080435235232e+150,,3.571674510425264e+60,,,5.6292818797916145e+79,,,1.9033978179520413e-99,,,,1.1415060894559609e-138,,,,,,,
"$R_{x,y,z}$",,,,,,1.7764255216813163e-80,,,,1e-160,,,,,,,,,,,
"$R_{x,y,z}HF_{x}$",,,,,,,,,2.5810642854955455e+64,4.312023365612996e-39,,,,,,,,,,,
"$R_{x,y,z}HF_{y}$",,,,,,,,3.874370761005696e-65,,1.674972558035628e-06,,,,,,,,,,,
"$R_{x,y,z}HF_{z}$",,,,,,5.253762458737863e+98,1e+160,2.3190968953802044e+38,597024.7065855089,,,742.3045492939308,,7.472347579457264e-28,,,,,,,
"$R_{x,y,z}HF_{x,z}$",,,,,,,,,,0.0013471559630763214,,,4774.178484859147,1.843527753259082e-23,,,,,,,
"$R_{x,y,z}HF_{y,z}$",,,,,,,,,,,,0.00020946012034770063,,,,,,,,,
"$R_{x,y,z}HF_{x,y,z}$",,,,,,8.760356245463374e+137,,,,1.3382675114701136e+27,,5.424382671929669e+22,,,,,,,,,
$R_{x}$,,1e-160,1e-160,,,,,,,,,,,,,,,,,,
$R_{y}$,1e+160,,inf,,,1e-160,,,,,,,,,,,,,,,
$R_{z}$,1e+160,0.0,,,,,,,,,,,,,,,,,,,
"$R_{x,y}$",,,,,,8.6644095175828e-140,,,,,,,,,,,,,,,
"$R_{y,z}$",,1e+160,,1.1541467401450576e+139,,,9.318154219311825e+193,,1.0494345854381673e-134,,,,,9.05393190666375e-124,,,,,,,
"$R_{x,y,z}$",,,,,,1.0731739102659466e-194,,,1e-160,,,,,,,,,,,,
"$R_{x,y,z}HF_{x}$",,,,,,,,,7.622175137645383e-63,1.5059658483748805e-08,,,,,,,,,,,
"$R_{x,y,z}HF_{y}$",,,,,,9.528940763682502e+133,1e+160,1.3119614571188096e+62,,5.316946660877647e+24,,,0.00657756316052636,6.019906097865884e+50,,,,,,,
"$R_{x,y,z}HF_{z}$",,,,,,,,66402568.230821505,1.8807786945805733e-25,,,,,,,,,,,,
"$R_{x,y,z}HF_{x,y}$",,,,,,,,,,,,,3.5720280561557654e-140,,,,,,,,
"$R_{x,y,z}HF_{y,z}$",,,,,,,,,152.03198746934973,,2.799530082852163e+139,,,1e-160,,,,,,,
"$R_{x,y,z}HF_{x,y,z}$",,,,,,1.1044925125447363e+123,,,1.6611554794094046e-51,,,,1e+160,,,,,,,,
$R_{x}$,,1e-160,1e-160,,,,,,,,,,,,,,,,,,
$R_{y}$,1e+160,,6.1763160213235e+162,,,1e-160,,,,,,,,,,,,,,,
$R_{z}$,1e+160,1.6190881369210018e-163,,,,,,,,,,,,,,,,,,,
"$R_{x,y}$",,,,,,5.696589079205426e-107,,,,,,,,,,,,,,,
"$R_{y,z}$",,1e+160,,1.7554364306359315e+106,,,4.386610912587501e+23,,2.1999668719798264e-128,,,,,1e-160,,,,,,,
"$R_{x,y,z}$",,,,,,2.279664232655038e-24,,,1e-160,,,,,,,,,,,,
"$R_{x,y,z}HF_{x}$",,,,,,,,,1.511269083228467e-24,199713301024838.5,,,,,,,,,,,
"$R_{x,y,z}HF_{y}$",,,,,,4.545522992807911e+127,1e+160,6.616955319854343e+23,,1.429011346484346e+50,,,3.4970734545092154e+25,1.895302204129774e-20,,,,,,,
"$R_{x,y,z}HF_{z}$",,,,,,,,5.007177763666473e-15,6.997845065822607e-51,,,,,,,,,,,,
"$R_{x,y,z}HF_{x,y}$",,,,,,,,,,,,,4.035879566113784e-17,,,,,,,,
"$R_{x,y,z}HF_{y,z}$",,,,,,,,,2.859533873132046e-26,,2.477774630333969e+16,,,2.894598466951172e-45,,,,,,,
"$R_{x,y,z}HF_{x,y,z}$",,,,,,1e+160,,,5.276203435109437e+19,,,,3.454710597747541e+44,,,,,,,,
$R_{x}$,,1e-160,1e-160,,,,,,,,,,,,,,,,,,
$R_{y}$,1e+160,,8.551820628644236e-13,,,,,,,,,,,,,,,,,,
$R_{z}$,1e+160,1169341644807.7854,,,,1.078175605626038e-142,,,,,,,,,,,,,,,
"$R_{x,z}$",,,,,,5.916666532977048e-07,,,,,,,,,,,,,,,
"$R_{y,z}$",,,9.274926967201733e+141,,1690140.8832598801,,1.0785750846400317e-07,,,,,,,,,,,,,,
"$R_{x,y,z}$",,,,,,9271491.750931224,,,,1.686701095033936e-120,,,,,,,,,,,
"$R_{x,y,z}HF_{x}$",,,,,,,,,9.158526501103346e-25,2.403094261178921e-10,,,,,,,,,,,
"$R_{x,y,z}HF_{y}$",,,,,,,,1.091878698914643e+24,,2.1550184307713e-17,,,,,,,,,,,
"$R_{x,y,z}HF_{z}$",,,,,,,5.92873273720072e+119,4161301602.4990025,4.640331542974745e+16,,,1.8880253122437684e+20,,0.396745610067814,,,,,,,
"$R_{x,y,z}HF_{x,z}$",,,,,,,,,,5.296539159274191e-21,,,4.1156432111734316e+57,1.1096653748769672e-34,,,,,,,
"$R_{x,y,z}HF_{y,z}$",,,,,,,,,,,,2.4297538651677365e-58,,,,,,,,,
"$R_{x,y,z}HF_{x,y,z}$",,,,,,,,,,2.520506779719817,,9.01172572056575e+33,,,,,,,,,
$R_{x}$,,1e-160,1e-160,,,,,,,,,,,,,,,,,,
$R_{y}$,1e+160,,1.0473094551732844e+278,,,1e-160,,,,,,,,,,,,,,,
$R_{z}$,1e+160,9.54827625264343e-279,,,,,,,,,,,,,,,,,,,
"$R_{x,y}$",,,,,,2.113940109951058e-143,,,,,,,,,,,,,,,
"$R_{y,z}$",,1e+160,,4.7305029848889717e+142,,,6.222326912484345e+84,,,,,4.063562104547039e-112,,,,,,,,,
"$R_{x,y,z}$",,,,,,1.607115817064547e-85,,,,1e-160,,,,,,,,,,,
"$R_{x,y,z}HF_{x}$",,,,,,,,,0.8842116407672436,1.2158965357349319e-27,,,,,,,,,,,
"$R_{x,y,z}HF_{y}$",,,,,,,,1.1309509555113808,,1.6570479526338747e-29,,,,,,,,,,,
"$R_{x,y,z}HF_{z}$",,,,,,,1e+160,8.22438398835937e+26,6.034828373014201e+28,,,3.064500655376795e-30,,,,,,,,,
"$R_{x,y,z}HF_{x,z}$",,,,,,2.460895082373717e+111,,,,3.263174371476991e+29,,,27.392133676769998,7.501739263821283e+52,,,,,,,
"$R_{x,y,z}HF_{y,z}$",,,,,,,,,,,,0.036506831187380406,,,,,,,,,
"$R_{x,y,z}HF_{x,y,z}$",,,,,,,,,,,,1.3330242025642114e-53,,,,,,,,,
$R_{x}$,,1e-160,1e-160,,,,,,,,,,,,,,,,,,
$R_{y}$,1e+160,,3.5668469654892494e-14,,,,,,,,,,,,,,,,,,
$R_{z}$,1e+160,28035965929444.754,,,,1e-160,,,,,,,,,,,,,,,
"$R_{x,z}$",,,,,,4.011374778090564e-16,,,,,,,,,,,,,,,
"$R_{y,z}$",,,1e+160,,2492910922863222.0,,1.96924478808064e+67,,,,1e-160,,,,,,,,,,
"$R_{x,y,z}$",,,,,,5.078088849353604e-68,,,3.979177686345127e-147,,,,,,,,,,,,
"$R_{x,y,z}HF_{x}$",,,,,,,,,2.338415211867339e-23,0.1931086379704442,,,,,,,,,,,
"$R_{x,y,z}HF_{y}$",,,,,,,2.513082045648732e+146,4.27640050802377e+22,,2960485233.2220826,2.914445653520434e-46,,,,,,,,,,
"$R_{x,y,z}HF_{z}$",,,,,,,,5.178432257147672,3.377824651101661e-10,,,,,,,,,,,,
"$R_{x,y,z}HF_{x,y}$",,,,,,1e+160,,,3.431184241819964e+45,,,,4.205135790540056e+19,145359129201815.8,,,,,,,
"$R_{x,y,z}HF_{y,z}$",,,,,,,,,,,2.3780444908571483e-20,,,,,,,,,,
"$R_{x,y,z}HF_{x,y,z}$",,,,,,,,,,,6.87951286920277e-15,,,,,,,,,,
$R_{x}$,,1e-160,1e-160,,,,,,,,,,,,,,,,,,
$R_{y}$,1e+160,,8.107589156288809e+47,,,1e-160,,,,,,,,,,,,,,,
$R_{z}$,1e+160,1.2334122767238774e-48,,,,,,,,,,,,,,,,,,,
"$R_{x,y}$",,,,,,3.312549423597768e-19,,,,,,,,,,,,,,,
"$R_{y,z}$",,1e+160,,3.0188228826904494e+18,,,3.82082394136722e+119,,,,1.4517755879407746e-147,,,,,,,,,,
"$R_{x,y,z}$",,,,,,2.6172365315585994e-120,,,1.1180775742999651e-117,,,,,,,,,,,,
"$R_{x,y,z}HF_{x}$",,,,,,,,,5.721582009700963e-32,1.4590600944521153e-49,,,,,,,,,,,
"$R_{x,y,z}HF_{y}$",,,,,,,8.943923239191215e+116,1.747768359003675e+31,,1141755203127817.8,4.4743325187684495e-08,,,,,,,,,,
"$R_{x,y,z}HF_{z}$",,,,,,,,6.853727298843748e+48,8.75844486857181e-16,,,,,,,,,,,,
"$R_{x,y,z}HF_{x,y}$",,,,,,6.888116925966627e+146,,,22349702.347898986,,,,3.677580530103975e+54,6.208749764762304e+101,,,,,,,
"$R_{x,y,z}HF_{y,z}$",,,,,,,,,,,2.7191790684505483e-55,,,,,,,,,,
"$R_{x,y,z}HF_{x,y,z}$",,,,,,,,,,,1.6106302200734355e-102,,,,,,,,,,
$R_{x}$,,1e-160,1e-160,,,,,,,,,,,,,,,,,,
$R_{y}$,1e+160,,89169.90857287364,6.78848864325912e-125,,,,,,,,,,,,,,,,,
$R_{z}$,1e+160,1.1214545534525868e-05,,,,,,,,,,,,,,,,,,,
"$R_{x,y}$",,1.4730819370125734e+124,,,,6512036.711896868,2.5136223269128234e-44,,,,,,,,,,,,,,
"$R_{y,z}$",,,,1.5356178784635776e-07,,,,,,,,,,,,,,,,,
"$R_{x,y,z}$",,,,3.9783223966990234e+43,,,,,,6.74249542224615e-134,,,,,,,,,,,
"$R_{x,y,z}HF_{x}$",,,,,,,,,34746400539942.582,3.39601942414428e-20,,,,,,,,,,,
"$R_{x,y,z}HF_{y}$",,,,,,,,2.877995949106884e-14,,4.232597010149073e-35,,,,,,,,,,,
"$R_{x,y,z}HF_{z}$",,,,,,,1.4831304099971738e+133,2.9446239114252927e+19,2.3626156650448037e+34,,,,16976054.763023548,,,,,,,,
"$R_{x,y,z}HF_{x,z}$",,,,,,,,,,,,,2.523616177781452e-28,,,,,,,,
"$R_{x,y,z}HF_{y,z}$",,,,,,,,,,5.890650177320077e-08,,3.962567718515399e+27,,7.21146529649518e+44,,,,,,,
"$R_{x,y,z}HF_{x,y,z}$",,,,,,,,,,,,,1.386680735309101e-45,,,,,,,,
$R_{x}$,,1e-160,1e-160,,,,,,,,,,,,,,,,,,
$R_{y}$,1e+160,,60746461.97678709,,,9.34113236880937e-131,,,,,,,,,,,,,,,
$R_{z}$,1e+160,1.6461864073369867e-08,,,,,,,,,,,,,,,,,,,
"$R_{x,y}$",,,,,,1.6679741752888197e-48,,,,,,,,,,,,,,,
"$R_{y,z}$",,1.0705340214844433e+130,,5.995296658755787e+47,,,2.8682099643644545e-12,,,,,,,,,,,,,,
"$R_{x,y,z}$",,,,,,348649510469.706,,,,1e-160,,,,,,,,,,,
"$R_{x,y,z}HF_{x}$",,,,,,,,,3.388475507212734e-51,2.9265135685642483e-50,,,,,,,,,,,
"$R_{x,y,z}HF_{y}$",,,,,,,,2.951179661388706e+50,,2.0735269698789106e-32,,,,,,,,,,,
"$R_{x,y,z}HF_{z}$",,,,,,,1e+160,3.4170352420084676e+49,4.822700714900264e+31,,,1.2236214093703546e-35,,,,,,,,,
"$R_{x,y,z}HF_{x,z}$",,,,,,,,,,8.172462432759944e+34,,,94730.78915592207,1.1522199616939175e-63,,,,,,,
"$R_{x,y,z}HF_{y,z}$",,,,,,,,,,,,1.0556230016769424e-05,,,,,,,,,
"$R_{x,y,z}HF_{x,y,z}$",,,,,,,,,,,,8.678898415627744e+62,,,,,,,,,
$R_{x}$,,1e-160,1e-160,,,,,,,,,,,,,,,,,,
$R_{y}$,1e+160,,inf,,,8.809541651135604e-137,,,,,,,,,,,,,,,
$R_{z}$,1e+160,0.0,,,,,,,,,,,,,,,,,,,
"$R_{x,y}$",,,,,,1.0948288064453063e-83,,,,,,,,,,,,,,,
"$R_{y,z}$",,1.1351328361914197e+136,,9.133848087600136e+82,,,52.86698021784911,,,1.7376273388320486e-129,,,,2.7982735584870794e-124,,,,,,,
"$R_{x,y,z}$",,,,,,0.01891539853192479,,,,5.846846729215976e-97,,,,,,,,,,,
"$R_{x,y,z}HF_{x}$",,,,,,,,,1.2639198399061542e+37,0.00026488425139026907,,,,,,,,,,,
"$R_{x,y,z}HF_{y}$",,,,,,,,7.911894159951234e-38,,6.015563307287079e-18,,,,,,,,,,,
"$R_{x,y,z}HF_{z}$",,,,,,5.754973909838188e+128,1.7103236091398166e+96,3775.2338795206174,1.6623547104701382e+17,,,3714029013745735.0,,3.852022008283129e-35,,,,,,,
"$R_{x,y,z}HF_{x,z}$",,,,,,,,,,2.6924937750862186e-16,,,1.8811686732672584e+132,5.00839521475756e-24,,,,,,,
"$R_{x,y,z}HF_{y,z}$",,,,,,,,,,,,5.315844422728857e-133,,,,,,,,,
"$R_{x,y,z}HF_{x,y,z}$",,,,,,3.573632023813505e+123,,,,2.5960391655334975e+34,,1.9966475430162447e+23,,,,,,,,,
$R_{x}$,,1e-160,1e-160,,,,,,,,,,,,,,,,,,
$R_{y}$,1e+160,,inf,,,1e-160,,,,,,,,,,,,,,,
$R_{z}$,1e+160,0.0,,,,,,,,,,,,,,,,,,,
"$R_{x,y}$",,,,,,4.4842657325135656e-69,,,,,,,,,,,,,,,
"$R_{y,z}$",,1e+160,,2.230019494048739e+68,,,5.435190261078491e+234,,,,,,,1.9266800564696515e-78,,,,,,,
"$R_{x,y,z}$",,,,,,1.8398619955607083e-235,,,,2.3260155115891007e-118,,,,,,,,,,,
"$R_{x,y,z}HF_{x}$",,,,,,,,,4.9224547738082804e+23,1.4503976655658832e-38,,,,,,,,,,,
"$R_{x,y,z}HF_{y}$",,,,,,,,2.031506729774066e-24,,0.002364893105985217,,,,,,,,,,,
"$R_{x,y,z}HF_{z}$",,,,,,,4.2991974688802234e+117,6.894660848822055e+37,422.85209317458725,,,2.4008170980595036e-28,,,,,,,,,
"$R_{x,y,z}HF_{x,z}$",,,,,,,,,,4.165248576446181e+27,,,2.2558743706085415e+30,2.1538993330162953e-16,,,,,,,
"$R_{x,y,z}HF_{y,z}$",,,,,,,,,,,,4.432870965816422e-31,,,,,,,,,
"$R_{x,y,z}HF_{x,y,z}$",,,,,,5.190275347700169e+77,,,,,,4642742512017086.0,,,,,,,,,
$R_{x}$,,1e-160,1e-160,,,,,,,,,,,,,,,,,,
$R_{y}$,1e+160,,4.9768588630906286e+23,,,1e-160,,,,,,,,,,,,,,,
$R_{z}$,1e+160,2.0092994949408716e-24,,,,,,,,,,,,,,,,,,,
"$R_{x,y}$",,,,,,8.413631880404232e-102,,,,,,,,,,,,,,,
"$R_{y,z}$",,1e+160,,1.188547364817624e+101,,,2.006027752150372e+30,,,,,,,2.334615070140398e-145,,,,,,,
"$R_{x,y,z}$",,,,,,4.9849759003984105e-31,,1.0086918652254732e-131,,,,,,,,,,,,,
"$R_{x,y,z}HF_{x}$",,,,,,,9.913830322964583e+130,,468178632.75287426,3.1800801063790156e+57,,1e-160,,,,,,,,,
"$R_{x,y,z}HF_{y}$",,,,,,,,2.1359368626458547e-09,,12305412373.766447,,,,,,,,,,,
"$R_{x,y,z}HF_{z}$",,,,,,,,3.1445748740544956e-58,8.126505391496437e-11,,,,,,,,,,,,
"$R_{x,y,z}HF_{x,y}$",,,,,,,,,,,,2.255327411374535e-38,,,,,,,,,
"$R_{x,y,z}HF_{x,z}$",,,,,,,,1e+160,,,4.433946020238979e+37,,,3.3716191453405207e-118,,,,,,,
"$R_{x,y,z}HF_{x,y,z}$",,,,,,4.283361367747285e+144,,,,,,2.965934042052083e+117,,,,,,,,,
$R_{x}$,,1e-160,1e-160,,,,,,,,,,,,,,,,,,
$R_{y}$,1e+160,,4.664529527958847e-31,,,,,,,,,,,,,,,,,,
$R_{z}$,1e+160,2.143838931678047e+30,,,1e-160,,,,,,,,,,,,,,,,
"$R_{x,z}$",,,1e+160,,,351.5618097517193,1.3276504000991646e-21,,,,,,,,,,,,,,
"$R_{y,z}$",,,,,0.002844450029160511,,,,,,,,,,,,,,,,
"$R_{x,y,z}$",,,,,7.53210333025402e+20,,,1.6982927549028735e-97,,,,,,,,,,,,,
"$R_{x,y,z}HF_{x}$",,,,,,,5.888266302220613e+96,,8.371101283322658e+16,10655309.995044196,,1.499335293198599e-38,,,,,,,,,
"$R_{x,y,z}HF_{y}$",,,,,,,,1.1945859524985702e-17,,2228613510041.1777,,,,,,,,,,,
"$R_{x,y,z}HF_{z}$",,,,,,,,9.384992088124154e-08,4.487094758666895e-13,,,,,,,,,,,,
"$R_{x,y,z}HF_{x,y}$",,,,,,,,,,,,9.868995442666999e-28,,,,,,,,,
"$R_{x,y,z}HF_{x,z}$",,,,,,,,6.669622228838856e+37,,,1.0132743558444281e+27,,,6.65525092265276e+48,,,,,,,
"$R_{x,y,z}HF_{x,y,z}$",,,,,,,,,,,,1.5025729482208666e-49,,,,,,,,,
$R_{x}$,,1e-160,1e-160,,,,,,,,,,,,,,,,,,
$R_{y}$,1e+160,,1.7227416337610924e+55,,,1e-160,,,,,,,,,,,,,,,
$R_{z}$,1e+160,5.804700951104307e-56,,,,,,,,,,,,,,,,,,,
"$R_{x,y}$",,,,,,6.462878033511824e-114,,,,,,,,,,,,,,,
"$R_{y,z}$",,1e+160,,1.5472982699266818e+113,,,8981275668913028.0,,,,,,,1e-160,,,,,,,
"$R_{x,y,z}$",,,,,,1.1134275762866395e-16,,,1.5624509323467197e-139,,,,,,,,,,,,
"$R_{x,y,z}HF_{x}$",,,,,,,,,2.885744577093573e-125,1.4969675627609397e-28,,,,,,,,,,,
"$R_{x,y,z}HF_{y}$",,,,,,,6.400200987419505e+138,3.465310159248976e+124,,37.92807491439236,,,1.0459387454420322e-41,,,,,,,,
"$R_{x,y,z}HF_{z}$",,,,,,,,6.680171467146856e+27,0.026365693546458784,,,,,,,,,,,,
"$R_{x,y,z}HF_{x,y}$",,,,,,,,,,,,,6.265174430148365e-68,,,,,,,,
"$R_{x,y,z}HF_{y,z}$",,,,,,,,,9.560789332623704e+40,,1.59612475462446e+67,,,1.3741228378827475e-50,,,,,,,
"$R_{x,y,z}HF_{x,y,z}$",,,,,,1e+160,,,,,,,7.277369769509129e+49,,,,,,,,
$R_{x}$,,1e-160,1e-160,,,,,,,,,,,,,,,,,,
$R_{y}$,1e+160,,1.9116687566371764e-08,,,,,,,,,,,,,,,,,,
$R_{z}$,1e+160,52310317.70164532,,,,1e-160,,,,,,,,,,,,,,,
"$R_{x,z}$",,,,,,6.03761193598766e-20,,,,,,,,,,,,,,,
"$R_{y,z}$",,,1e+160,,1.6562839920853832e+19,,1.753017490117602e+111,,,,,,2.2463067457303925e-140,,,,,,,,
"$R_{x,y,z}$",,,,,,5.704449645467682e-112,,,1e-160,,,,,,,,,,,,
"$R_{x,y,z}HF_{x}$",,,,,,,,,9.969923953913908e-18,1.9273166406847125e-32,,,,,,,,,,,
"$R_{x,y,z}HF_{y}$",,,,,,,1e+160,1.0030166775820075e+17,,1.7098692975492482,,,3.647215347337649e-06,,,,,,,,
"$R_{x,y,z}HF_{z}$",,,,,,,,5.188561022566239e+31,0.5848400234060567,,,,,,,,,,,,
"$R_{x,y,z}HF_{x,y}$",,,,,,,,,,,,,3.5281881355171355e-62,,,,,,,,
"$R_{x,y,z}HF_{y,z}$",,,,,,4.451751756080167e+139,,,274181.78110321023,,2.834315976331652e+61,,,1.7478198364644395e+50,,,,,,,
"$R_{x,y,z}HF_{x,y,z}$",,,,,,,,,,,,,5.721413495471252e-51,,,,,,,,
$R_{x}$,,1e-160,1e-160,,,,,,,,,,,,,,,,,,
$R_{y}$,1e+160,,7.497630921488961e+24,,,1e-160,,,,,,,,,,,,,,,
$R_{z}$,1e+160,1.333754635926263e-25,,,,,,,,,,,,,,,,,,,
"$R_{x,y}$",,,,,,4.4008231808557585e-121,,,,,,,,,,,,,,,
"$R_{y,z}$",,1e+160,,2.2723021555379687e+120,,,1.1136536905907974e+44,,,,,,,1.876367183738859e-152,,,,,,,
"$R_{x,y,z}$",,,,,,8.979452126356231e-45,,,,8.757076246107758e-149,,,,,,,,,,,
"$R_{x,y,z}HF_{x}$",,,,,,,,,3.4020221030048184e-81,1.1117466847881583e-27,,,,,,,,,,,
"$R_{x,y,z}HF_{y}$",,,,,,,,2.939428286244099e+80,,7.802776351439009e-41,,,,,,,,,,,
"$R_{x,y,z}HF_{z}$",,,,,,,1.1419336453128043e+148,8.994854796356317e+26,1.2815951078946116e+40,,,1.350184401795572e-24,,,,,,,,,
"$R_{x,y,z}HF_{x,z}$",,,,,,,,,,7.406395738760783e+23,,,1.9043631904085073e+60,7.434635678227389e-31,,,,,,,
"$R_{x,y,z}HF_{y,z}$",,,,,,,,,,,,5.2510991865238096e-61,,,,,,,,,
"$R_{x,y,z}HF_{x,y,z}$",,,,,,5.32944728870921e+151,,,,,,1.345055821536135e+30,,,,,,,,,
$R_{x}$,,1e-160,1e-160,,,,,,,,,,,,,,,,,,
$R_{y}$,1e+160,,4.976595916975944e+57,,,1e-160,,,,,,,,,,,,,,,
$R_{z}$,1e+160,2.0094056593762097e-58,,,,,,,,,,,,,,,,,,,
"$R_{x,y}$",,,,,,1.1582079745789414e-62,,,,,,,,,,,,,,,
"$R_{y,z}$",,1e+160,,8.634027928909255e+61,,,1.4299402839495564e-20,,,,,,,,,,,,,,
"$R_{x,y,z}$",,,,,,6.99329902950882e+19,,,,1e-160,,,,,,,,,,,
"$R_{x,y,z}HF_{x}$",,,,,,,,,0.10228749155175046,2.1598277341395248e-08,,,,,,,,,,,
"$R_{x,y,z}HF_{y}$",,,,,,,,9.776366443535949,,1.8031024634433017e-07,,,,,,,,,,,
"$R_{x,y,z}HF_{z}$",,,,,,,1e+160,46299988.846027106,5545996.526954692,,,7.3639562064328155e-16,,,,,,,,,
"$R_{x,y,z}HF_{x,y}$",,,,,,,,,,,,7.918324900285376e-49,,,,,,,,,
"$R_{x,y,z}HF_{x,z}$",,,,,,,,,,1357965707517985.8,1.2628933677171545e+48,,,4.689446350954559e-26,,,,,,,
"$R_{x,y,z}HF_{x,y,z}$",,,,,,,,,,,,2.1324478950408404e+25,,,,,,,,,
$R_{x}$,,1e-160,1e-160,,,,,,,,,,,,,,,,,,
$R_{y}$,1e+160,,inf,,,1e-160,,,,,,,,,,,,,,,
$R_{z}$,1e+160,0.0,,,,,,,,,,,,,,,,,,,
"$R_{x,y}$",,,,,,3.2163882592979744e-19,,,,,,,,,,,,,,,
"$R_{y,z}$",,1e+160,,3.1090773855090033e+18,,,1.1164063650072941e-16,,,,,,,,,,,,,,
"$R_{x,y,z}$",,,,,,8957311883415018.0,,,,1.2293546041781532e-90,,,,,,,,,,,
"$R_{x,y,z}HF_{x}$",,,,,,,,,3.2484341721210916e-19,1.285486815886502e-18,,,,,,,,,,,
"$R_{x,y,z}HF_{y}$",,,,,,,,3.078406232092559e+18,,5.563029135740437e-11,,,,,,,,,,,
"$R_{x,y,z}HF_{z}$",,,,,,,8.134349492012672e+89,7.779154073317947e+17,17975818130.72601,,,5.968417600677983e-21,,,,,,,,,
"$R_{x,y,z}HF_{x,z}$",,,,,,,,,,1.675485977868581e+20,,,1.246943337576602e+25,1.7636849921373071e+109,,,,,,,
"$R_{x,y,z}HF_{y,z}$",,,,,,,,,,,,8.019610593882083e-26,,,,,,,,,
"$R_{x,y,z}HF_{x,y,z}$",,,,,,,,,,,,5.669946756127681e-110,,,,,,,,,
$R_{x}$,,1e-160,1e-160,,,,,,,,,,,,,,,,,,
$R_{y}$,1e+160,,1.9333495146862297e+55,,,1e-160,,,,,,,,,,,,,,,
$R_{z}$,1e+160,5.172370502093583e-56,,,,,,,,,,,,,,,,,,,
"$R_{x,y}$",,,,,,3.465155886862245e-91,,,,,,,,,,,,,,,
"$R_{y,z}$",,1e+160,,2.885873053479035e+90,,,0.5204567189825487,,,,,,,1.5485103709051307e-118,,,,,,,
"$R_{x,y,z}$",,,,,,1.9213893557852804,,,,4.0880680810153804e-142,,,,,,,,,,,
"$R_{x,y,z}HF_{x}$",,,,,,,,,4.068155977341009e-34,9.896399054004198e-35,,,,,,,,,,,
"$R_{x,y,z}HF_{y}$",,,,,,,,2.4581161724620278e+33,,0.00015813244238201374,,,,,,,,,,,
"$R_{x,y,z}HF_{z}$",,,,,,,2.4461432152852587e+141,1.0104685497654709e+34,6323.813032522552,,,1.995768719941097e-32,,,,,,,,,
"$R_{x,y,z}HF_{x,z}$",,,,,,,,,,5.010600627258623e+31,,,10191174.540913073,4.9709314082497693e-29,,,,,,,
"$R_{x,y,z}HF_{y,z}$",,,,,,,,,,,,9.812411670366755e-08,,,,,,,,,
"$R_{x,y,z}HF_{x,y,z}$",,,,,,6.457819197009853e+117,,,,,,2.011695430639815e+28,,,,,,,,,
$R_{x}$,,1e-160,1e-160,,,,,,,,,,,,,,,,,,
$R_{y}$,1e+160,,8.084988902104368e+60,,,1e-160,,,,,,,,,,,,,,,
$R_{z}$,1e+160,1.236860077494626e-61,,,,,,,,,,,,,,,,,,,
"$R_{x,y}$",,,,,,7.732544185184685e-91,,,,,,,,,,,,,,,
"$R_{y,z}$",,1e+160,,1.293235416508798e+90,,,5.052342799192285e+27,,2.435691667064836e-122,,,,,1e-160,,,,,,,
"$R_{x,y,z}$",,,,,,1.9792797910701335e-28,,,2.853782968956905e-159,,,,,,,,,,,,
"$R_{x,y,z}HF_{x}$",,,,,,,,,4.489714438355208e-64,5.5002306172236644e-27,,,,,,,,,,,
"$R_{x,y,z}HF_{y}$",,,,,,4.105609973224008e+121,3.5041207088201003e+158,2.2273131481527957e+63,,1.4853107214534453,2.888307791558654e+140,,,4.437702192550431e-29,,,,,,,
"$R_{x,y,z}HF_{z}$",,,,,,,,1.8181055842796045e+26,0.6732598004957869,,,,,,,,,,,,
"$R_{x,y,z}HF_{x,y}$",,,,,,,,,3.4622348868863364e-141,,,,1.5136007834826284e+54,1.467034016234946e-60,,,,,,,
"$R_{x,y,z}HF_{y,z}$",,,,,,,,,,,6.606761907846734e-55,,,,,,,,,,
"$R_{x,y,z}HF_{x,y,z}$",,,,,,1e+160,,,2.253418450834082e+28,,6.816474525699408e+59,,,,,,,,,,
$R_{x}$,,1e-160,1e-160,,,,,,,,,,,,,,,,,,
$R_{y}$,1e+160,,4.517954015275517e+20,,,4.481885580316522e-146,,,,,,,,,,,,,,,
$R_{z}$,1e+160,2.213391275384677e-21,,,,,,,,,,,,,,,,,,,
"$R_{x,y}$",,,,,,1.0443735183083281e-26,,,,,,,,,,,,,,,
"$R_{y,z}$",,2.231203769216655e+145,,9.575118312266246e+25,,,3.651413129826512e-27,,,,,,,,,,,,,,
"$R_{x,y,z}$",,,,,,2.7386657287051838e+26,,,,1.798162888562607e-114,,,,,,,,,,,
"$R_{x,y,z}HF_{x}$",,,,,,,,,159489.80350755685,2.009705667128541e-22,,,,,,,,,,,
"$R_{x,y,z}HF_{y}$",,,,,,,,6.26999330369492e-06,,2.5158407848413645e-49,,,,,,,,,,,
"$R_{x,y,z}HF_{z}$",,,,,,,5.5612314454969513e+113,4.975853013485283e+21,3.974814328574671e+48,,,,421093622344.17676,24624.229600194318,,,,,,,
"$R_{x,y,z}HF_{x,z}$",,,,,,,,,,,,,7.216474532301812e-05,,,,,,,,
"$R_{x,y,z}HF_{y,z}$",,,,,,,,,,2.3747688089720336e-12,,13857.181862471478,,1.8041763908072446e-11,,,,,,,
"$R_{x,y,z}HF_{x,y,z}$",,,,,,,,,,4.061040756345566e-05,,,55426952990.58696,,,,,,,,
$R_{x}$,,1e-160,1e-160,,,,,,,,,,,,,,,,,,
$R_{y}$,1e+160,,2.9648491487710875e-06,,,,,,,,,,,,,,,,,,
$R_{z}$,1e+160,337285.2883306033,,,,1e-160,,,,,,,,,,,,,,,
"$R_{x,z}$",,,,,,6.569220337660228e-26,,,,,,,,,,,,,,,
"$R_{y,z}$",,,1e+160,,1.5222506608085121e+25,,0.836100674876038,,,,,4.0363343688265455e-151,,9.962782361511301e-142,,,,,,,
"$R_{x,y,z}$",,,,,,1.1960282177122534,,,,7.82580103020761e-120,,,,,,,,,,,
"$R_{x,y,z}HF_{x}$",,,,,,,,,2.5184514324038076e+16,3.70821663800024e-36,,,,,,,,,,,
"$R_{x,y,z}HF_{y}$",,,,,,,,3.9706940032014895e-17,,2.108596954676621e-33,,,,,,,,,,,
"$R_{x,y,z}HF_{z}$",,,,,,,1.2778244631316306e+119,2.696714074772282e+35,4.742490013476104e+32,,,2.117571284060321e-06,,,,,,,,,
"$R_{x,y,z}HF_{x,z}$",,,,,,2.4774954417136724e+150,,,,472239.1201313222,,,1.964932056844567e+27,1.5790810297713434e+17,,,,,,,
"$R_{x,y,z}HF_{y,z}$",,,,,,,,,,,,5.0892344929517505e-28,,,,,,,,,
"$R_{x,y,z}HF_{x,y,z}$",,,,,,1.0037356671197074e+141,,,,,,6.332797248186837e-18,,,,,,,,,
$R_{x}$,,1e-160,1e-160,,,,,,,,,,,,,,,,,,
$R_{y}$,1e+160,,1.1230587674035118e+75,,,1e-160,,,,,,,,,,,,,,,
$R_{z}$,1e+160,8.90425353529788e-76,,,,,,,,,,,,,,,,,,,
"$R_{x,y}$",,,,,,6.345408825484144e-73,,,,,,,,,,,,,,,
"$R_{y,z}$",,1e+160,,1.5759425869990367e+72,,,1.982946017272374e+28,,,,,,,1e-160,,,,,,,
"$R_{x,y,z}$",,,,,,5.043001631358287e-29,,,1.3422508372970375e-108,,,,,,,,,,,,
"$R_{x,y,z}HF_{x}$",,,,,,,,,5.669583349545193e-70,1.5433671232297571e-77,,,,,,,,,,,
"$R_{x,y,z}HF_{y}$",,,,,,,7.450172294276632e+107,1.7637980400803506e+69,,5.278287447884255,3.0586821724375054e-50,,,,,,,,,,
"$R_{x,y,z}HF_{z}$",,,,,,,,6.479339782146782e+76,0.18945538867930342,,,,,,,,,,,,
"$R_{x,y,z}HF_{x,y}$",,,,,,,,,3.2693818567068913e+49,,,,7.32438354254717e+51,5.902124135483867e-12,,,,,,,
"$R_{x,y,z}HF_{y,z}$",,,,,,,,,,,1.3653026144671748e-52,,,,,,,,,,
"$R_{x,y,z}HF_{x,y,z}$",,,,,,1e+160,,,,,169430526543.47775,,,,,,,,,,
$R_{x}$,,1e-160,1e-160,,,,,,,,,,,,,,,,,,
$R_{y}$,1e+160,,1.5184798762157998e+21,,,1e-160,,,,,,,,,,,,,,,
$R_{z}$,1e+160,6.585533438165132e-22,,,,,,,,,,,,,,,,,,,
"$R_{x,y}$",,,,,,1.1375464112017238e-79,,,,,,,,,,,,,,,
"$R_{y,z}$",,1e+160,,8.790850115236904e+78,,,1.957168836042217e+49,,,5.635586218606266e-141,,,,6.860408032448289e-104,,,,,,,
"$R_{x,y,z}$",,,,,,5.109421229198591e-50,,,,6.783724557370383e-141,,,,,,,,,,,
"$R_{x,y,z}HF_{x}$",,,,,,,,,2.9030418581113917e-15,4.4186673607552976e-13,,,,,,,,,,,
"$R_{x,y,z}HF_{y}$",,,,,,,,344466269821738.56,,1.0895595878072446e-13,,,,,,,,,,,
"$R_{x,y,z}HF_{z}$",,,,,,1.774438294810277e+140,1.4741164555590922e+140,2263125776068.979,9178020286274.709,,,,1457787219.2599728,4.0396569962643535e-21,,,,,,,
"$R_{x,y,z}HF_{x,z}$",,,,,,,,,,,,,4.2255812760409134e-10,,,,,,,,
"$R_{x,y,z}HF_{y,z}$",,,,,,,,,,6.859711669770553e-10,,2366538316.6808543,,5.933296833007679e-55,,,,,,,
"$R_{x,y,z}HF_{x,y,z}$",,,,,,1.4576392472141745e+103,,,,2.4754576958507703e+20,,,1.6854036265923422e+54,,,,,,,,
$R_{x}$,,1e-160,1e-160,,,,,,,,,,,,,,,,,,
$R_{y}$,1e+160,,5.571870026927769e-18,,,,,,,,,,,,,,,,,,
$R_{z}$,1e+160,1.7947295883916774e+17,,,1e-160,,,,,,,,,,,,,,,,
"$R_{x,z}$",,,1e+160,,,1.2500104592486058e+16,2.1219039497767594e-27,,,,,,,,,,,,,,
"$R_{y,z}$",,,,,7.999933061369025e-17,,,,,,,,,,,,,,,,
"$R_{x,y,z}$",,,,,4.712748661904361e+26,,,,4.284850321310288e-119,,,,,,,,,,,,
"$R_{x,y,z}HF_{x}$",,,,,,,,,3.510635206617208e-16,2.7394501208470946e-10,,,,,,,,,,,
"$R_{x,y,z}HF_{y}$",,,,,,,2.3338038087972334e+118,2848487356690027.5,,125743683350.58337,4.986181538208679e-39,,,,,,,,,,
"$R_{x,y,z}HF_{z}$",,,,,,,,3650367613.5223055,7.95268576006256e-12,,,,,,,,,,,,
"$R_{x,y,z}HF_{x,y}$",,,,,,,,,2.0055427030425714e+38,,,,38144.52464402589,1.1119877778563374e-47,,,,,,,
"$R_{x,y,z}HF_{y,z}$",,,,,,,,,,,2.6216082369153803e-05,,,,,,,,,,
"$R_{x,y,z}HF_{x,y,z}$",,,,,,,,,,,8.992904597636633e+46,,,,,,,,,,
$R_{x}$,,1e-160,1e-160,,,,,,,,,,,,,,,,,,
$R_{y}$,1e+160,,2.833556090622158e-34,,,,,,,,,,,,,,,,,,
$R_{z}$,1e+160,3.529134303392004e+33,,,,9.180919090720838e-160,,,,,,,,,,,,,,,
"$R_{x,z}$",,,,,,1.2671968857270563e-14,,,,,,,,,,,,,,,
"$R_{y,z}$",,,1.0892155677645616e+159,,78914335354150.45,,3.001310177911287e-110,,,,,,,,,,,,,,
"$R_{x,y,z}$",,,,,,3.33187821558628e+109,,,8.142658199536442e-124,,,,,,,,,,,,
"$R_{x,y,z}HF_{x}$",,,,,,,,,8.024727904450753e-17,5.175209646084478e-39,,,,,,,,,,,
"$R_{x,y,z}HF_{y}$",,,,,,,1.2281001799350115e+123,1.246148170887352e+16,,3941822.0959284417,2.075012390850306e-11,,,,,,,,,,
"$R_{x,y,z}HF_{z}$",,,,,,,,1.932288870184403e+38,2.5368978499382625e-07,,,,,,,,,,,,
"$R_{x,y,z}HF_{x,y}$",,,,,,,,,48192483303.20651,,,,1.183685666400592e+48,1e-160,,,,,,,
"$R_{x,y,z}HF_{y,z}$",,,,,,,,,,,8.448188808781033e-49,,,,,,,,,,
"$R_{x,y,z}HF_{x,y,z}$",,,,,,,,,,,1e+160,,,,,,,,,,
$R_{x}$,,1e-160,1e-160,,,,,,,,,,,,,,,,,,
$R_{y}$,1e+160,,3615079677.681806,,,1e-160,,,,,,,,,,,,,,,
$R_{z}$,1e+160,2.766190759704795e-10,,,,,,,,,,,,,,,,,,,
"$R_{x,y}$",,,,,,6.931234684863187e-65,,,,,,,,,,,,,,,
"$R_{y,z}$",,1e+160,,1.4427443961518938e+64,,,5.265018896740062e-16,,,,,,,,,,,,,,
"$R_{x,y,z}$",,,,,,1899328415742570.8,,,,1.029337096482617e+21,,1.0571747443329864e-150,,,,,,,,,
"$R_{x,y,z}HF_{x}$",,,,,,,,,1.1620245389183822e-19,3.4158780897130225e-32,,,,,,,,,,,
"$R_{x,y,z}HF_{y}$",,,,,,,,8.605670246265234e+18,,3.9099511721363886e-06,,,,,,,,,,,
"$R_{x,y,z}HF_{z}$",,,,,,,9.714990389612248e-22,2.9275049452482447e+31,255757.66959094844,,,1.1067237073872373e-13,,,,,,,,,
"$R_{x,y,z}HF_{x,z}$",,,,,,,9.459174137109564e+149,,,9035678853946.379,,,133847496.61587718,8039141362028517.0,,,,,,,
"$R_{x,y,z}HF_{y,z}$",,,,,,,,,,,,7.47118941544237e-09,,,,,,,,,
"$R_{x,y,z}HF_{x,y,z}$",,,,,,,,,,,,1.2439139392713327e-16,,,,,,,,,
$R_{x}$,,1e-160,1e-160,,,,,,,,,,,,,,,,,,
$R_{y}$,1e+160,,1.8571811647268246e+56,,,1e-160,,,,,,,,,,,,,,,
$R_{z}$,1e+160,5.384504317580086e-57,,,,,,,,,,,,,,,,,,,
"$R_{x,y}$",,,,,,3.0335386972052148e-74,,,,,,,,,,,,,,,
"$R_{y,z}$",,1e+160,,3.296480117169085e+73,,,25239078686519.45,,,,6.709117287005472e-52,,,,,,,,,,
"$R_{x,y,z}$",,,,,,3.9621097601082965e-14,,,3.118062753737362e-110,,,,,,,,,,,,
"$R_{x,y,z}HF_{x}$",,,,,,,,,0.0010837629580070563,3.194156345004579e-61,,,,,,,,,,,
"$R_{x,y,z}HF_{y}$",,,,,,,3.2071195449847292e+109,922.7109974665595,,81912249.06181872,1.0892219641546901e-09,,,,,,,,,,
"$R_{x,y,z}HF_{z}$",,,,,,,,3.1307171346322015e+60,1.2208186339082273e-08,,,,,,,,,,,,
"$R_{x,y,z}HF_{x,y}$",,,,,,1.4905090449631074e+51,,,918086517.632857,,,,6.331315937497342e+38,1.2792556036033089e+34,,,,,,,
"$R_{x,y,z}HF_{y,z}$",,,,,,,,,,,1.5794504805509398e-39,,,,,,,,,,
"$R_{x,y,z}HF_{x,y,z}$",,,,,,,,,,,7.817046078854584e-35,,,,,,,,,,
$R_{x}$,,1e-160,1e-160,,,,,,,,,,,,,,,,,,
$R_{y}$,1e+160,,1.5544947163902313e+33,,,1e-160,,,,,,,,,,,,,,,
$R_{z}$,1e+160,6.4329585006383884e-34,,,,,,,,,,,,,,,,,,,
"$R_{x,y}$",,,,,,5.273858687752779e-18,,,,,,,,,,,,,,,
"$R_{y,z}$",,1e+160,,1.8961448518183667e+17,,,1.684865424990828e-40,,,,,,,,,,,,,,
"$R_{x,y,z}$",,,,,,5.935192123759342e+39,,3.443191584420463e-98,,,,,,,,,,,,,
"$R_{x,y,z}HF_{x}$",,,,,,,2.9042821913388066e+97,,41140.96041869566,3719364479.2989693,,4.6886779094475765e-32,,,,,,,,,
"$R_{x,y,z}HF_{y}$",,,,,,,,2.430667611603862e-05,,1.8048004841238694,,,,,,,,,,,
"$R_{x,y,z}HF_{z}$",,,,,,,,2.68863136583076e-10,0.554077865557225,,,,,,,,,,,,
"$R_{x,y,z}HF_{x,y}$",,,,,,,,,,,,2.8449225355599103e-89,,,,,,,,,
"$R_{x,y,z}HF_{x,z}$",,,,,,,,2.132797388332057e+31,,,3.515034196891374e+88,,,1.1773779692164497e+104,,,,,,,
"$R_{x,y,z}HF_{x,y,z}$",,,,,,,,,,,,8.493449224852614e-105,,,,,,,,,
$R_{x}$,,1e-160,1e-160,,,,,,,,,,,,,,,,,,
$R_{y}$,1e+160,,2.749363128067754e+38,,,1e-160,,,,,,,,,,,,,,,
$R_{z}$,1e+160,3.6372059761447285e-39,,,,,,,,,,,,,,,,,,,
"$R_{x,y}$",,,,,,1.4093124983625836e-60,,,,,,,,,,,,,,,
"$R_{y,z}$",,1e+160,,7.095658352294858e+59,,,1.648373543273272e-11,,,,,,,,,,,,,,
"$R_{x,y,z}$",,,,,,60665860846.94379,,,,5.118163931080809e-149,,,,,,,,,,,
"$R_{x,y,z}HF_{x}$",,,,,,,,,22.658489234441173,2.260032109504497e-12,,,,,,,,,,,
"$R_{x,y,z}HF_{y}$",,,,,,,,0.04413356908544406,,7.606876108192913e-41,,,,,,,,,,,
"$R_{x,y,z}HF_{z}$",,,,,,,1.9538256559688364e+148,442471589582.5241,1.314600087837581e+40,,,6749317967377888.0,,7.607658765737278e-55,,,,,,,
"$R_{x,y,z}HF_{x,z}$",,,,,,,,,,1.4816311882673093e-16,,,19679980012.39969,1.4363081214713066e-32,,,,,,,
"$R_{x,y,z}HF_{y,z}$",,,,,,,,,,,,5.0813059737354096e-11,,,,,,,,,
"$R_{x,y,z}HF_{x,y,z}$",,,,,,,,,,1.3144648449582338e+54,,6.9622944064093505e+31,,,,,,,,,
$R_{x}$,,1e-160,1e-160,,,,,,,,,,,,,,,,,,
$R_{y}$,1e+160,,0.00038388107127177725,,,,,,,,,,,,,,,,,,
$R_{z}$,1e+160,2604.973453593463,,,,1e-160,,,,,,,,,,,,,,,
"$R_{x,z}$",,,,,,2.610414461117739e-43,,,,,,,,,,,,,,,
"$R_{y,z}$",,,1e+160,,3.830809302105289e+42,,5.35179594646523e-99,,,,,,,,,,,,,,
"$R_{x,y,z}$",,,,,,1.868531629387856e+98,,,,5.159078276406695e-113,,,,,,,,,,,
"$R_{x,y,z}HF_{x}$",,,,,,,,,1.4881348163583173e-40,1.0020875765179091e-64,,,,,,,,,,,
"$R_{x,y,z}HF_{y}$",,,,,,,,6.719821275649916e+39,,4.134277170158269e-41,,,,,,,,,,,
"$R_{x,y,z}HF_{z}$",,,,,,,1.938330737436497e+112,9.979167723791537e+63,2.418802510915633e+40,,,,1012739.4806123732,,,,,,,,
"$R_{x,y,z}HF_{x,z}$",,,,,,,,,,,,,5.3253864819468306e-64,,,,,,,,
"$R_{x,y,z}HF_{y,z}$",,,,,,,,,,9.874207722160985e-07,,1.8777979840336855e+63,,3637781443685888.0,,,,,,,
"$R_{x,y,z}HF_{x,y,z}$",,,,,,,,,,,,,2.748928201103736e-16,,,,,,,,
$R_{x}$,,1e-160,1e-160,,,,,,,,,,,,,,,,,,
$R_{y}$,1e+160,,7.745354222724928e-24,,,,,,,,,,,,,,,,,,
$R_{z}$,1e+160,1.2910965350893732e+23,,,1e-160,,,,,,,,,,,,,,,,
"$R_{x,z}$",,,1e+160,,,3002054685284.74,8.289181069487244e+49,,,6.8115231784552336e-96,,,,2.9263322971216425e-121,,,,,,,
"$R_{y,z}$",,,,,3.3310519122177535e-13,,,,,,,,,,,,,,,,
"$R_{x,y,z}$",,,,,1.2063917914412967e-50,,,,,9.605519746990458e-148,,,,,,,,,,,
"$R_{x,y,z}HF_{x}$",,,,,,,,,3.634512465089981e+26,3.989348308292193e-19,,,,,,,,,,,
"$R_{x,y,z}HF_{y}$",,,,,,,,2.7514006613132984e-27,,1.6528798735825268e-37,,,,,,,,,,,
"$R_{x,y,z}HF_{z}$",,,,,1.468100414255343e+95,,1.0410680799582073e+147,2.506675082547735e+18,6.050046443076076e+36,,,,1241677176106610.0,9.679486547075226e-09,,,,,,,
"$R_{x,y,z}HF_{x,z}$",,,,,,,,,,,,,7.708386619240932e-05,,,,,,,,
"$R_{x,y,z}HF_{y,z}$",,,,,,,,,,8.053623109475118e-16,,12972.883294461337,,4.289501813709969e-15,,,,,,,
"$R_{x,y,z}HF_{x,y,z}$",,,,,3.417246910009522e+120,,,,,103311265.02801557,,,233127305554186.22,,,,,,,,
$R_{x}$,,1e-160,1e-160,,,,,,,,,,,,,,,,,,
$R_{y}$,1e+160,,4.6747542726092985e-18,,,,,,,,,,,,,,,,,,
$R_{z}$,1e+160,2.1391498711692323e+17,,,,1e-160,,,,,,,,,,,,,,,
"$R_{x,z}$",,,,,,1.2142623027693967e-46,,,,,,,,,,,,,,,
"$R_{y,z}$",,,1e+160,,8.235452897774035e+45,,1.675209785956857e-32,,,,,,,,,,,,,,
"$R_{x,y,z}$",,,,,,5.969401613952569e+31,,,,4.0066260060151215e-143,,,,,,,,,,,
"$R_{x,y,z}HF_{x}$",,,,,,,,,1507036.5627514473,1e-160,,,,,,,,,,,
"$R_{x,y,z}HF_{y}$",,,,,,,,6.635539075271448e-07,,9.847641099948835e-51,,,,,,,,,,,
"$R_{x,y,z}HF_{z}$",,,,,,,2.495865594888833e+142,1e+160,1.015471613811348e+50,,,32676076139908.324,,171.34376218329405,,,,,,,
"$R_{x,y,z}HF_{x,z}$",,,,,,,,,,3.060342973000569e-14,,,5.42225172208178e+31,1.5593694701457767e-10,,,,,,,
"$R_{x,y,z}HF_{y,z}$",,,,,,,,,,,,1.8442522613392565e-32,,,,,,,,,
"$R_{x,y,z}HF_{x,y,z}$",,,,,,,,,,0.0058362206318912,,6412848392.53981,,,,,,,,,
$R_{x}$,,1e-160,1e-160,,,,,,,,,,,,,,,,,,
$R_{y}$,1e+160,,inf,,,1e-160,,,,,,,,,,,,,,,
$R_{z}$,1e+160,0.0,,,,,,,,,,,,,,,,,,,
"$R_{x,y}$",,,,,,2.5293671681853248e-79,,,,,,,,,,,,,,,
"$R_{y,z}$",,1e+160,,3.953558077997202e+78,,,1674054149390.0615,,,1.8171685717261814e-115,,,,1.8255598366113525e-138,,,,,,,
"$R_{x,y,z}$",,,,,,5.973522423777917e-13,,,,1e-160,,,,,,,,,,,
"$R_{x,y,z}HF_{x}$",,,,,,,,,1.4042058280000036e-19,5.28024924166217e-08,,,,,,,,,,,
"$R_{x,y,z}HF_{y}$",,,,,,,,7.121463107899859e+18,,1.8124533822423816e-59,,,,,,,,,,,
"$R_{x,y,z}HF_{z}$",,,,,,5.503066779600259e+114,1e+160,18938499.950150266,5.5173832871927e+58,,,3.278133614790208e+16,,4.391122360573396e+58,,,,,,,
"$R_{x,y,z}HF_{x,z}$",,,,,,,,,,3.050516292222571e-17,,,442.32516366849717,9.585030096434119e-08,,,,,,,
"$R_{x,y,z}HF_{y,z}$",,,,,,,,,,,,0.002260780263339155,,,,,,,,,
"$R_{x,y,z}HF_{x,y,z}$",,,,,,5.477771694715982e+137,,,,2.2773221010161493e-59,,10432935.420536928,,,,,,,,,
$R_{x}$,,1e-160,1e-160,,,,,,,,,,,,,,,,,,
$R_{y}$,1e+160,,4.874078230684835e-10,,,,,,,,,,,,,,,,,,
$R_{z}$,1e+160,2051669982.8584704,,,,1e-160,,,,,,,,,,,,,,,
"$R_{x,z}$",,,,,,4.0277983184623705e-48,,,,,,,,,,,,,,,
"$R_{y,z}$",,,1e+160,,2.482745959290619e+47,,3.074861396204189e-29,,,,,,,,,,,,,,
"$R_{x,y,z}$",,,,,,3.2521791103640175e+28,,,8.200433373990116e-155,,,,,,,,,,,,
"$R_{x,y,z}HF_{x}$",,,,,,,,,1.0293092438474895e-06,152.67137000383659,,,,,,,,,,,
"$R_{x,y,z}HF_{y}$",,,,,,,1.2194477467151546e+154,971525.3272787743,,2.0937802908287944e+30,4.257861326535816e-15,,,,,,,,,,
"$R_{x,y,z}HF_{z}$",,,,,,,,0.00655001654845221,4.776050306616286e-31,,,,,,,,,,,,
"$R_{x,y,z}HF_{x,y}$",,,,,,,,,234859692063667.38,,,,1.1486259680094617e+178,1.5264355300925852e-11,,,,,,,
"$R_{x,y,z}HF_{y,z}$",,,,,,,,,,,8.706054258315033e-179,,,,,,,,,,
"$R_{x,y,z}HF_{x,y,z}$",,,,,,,,,,,65512101905.76116,,,,,,,,,,
$R_{x}$,,1e-160,1e-160,,,,,,,,,,,,,,,,,,
$R_{y}$,1e+160,,2.0266587395584536e-120,,,,,,,,,,,,,,,,,,
$R_{z}$,1e+160,4.9342298260725886e+119,,,,1e-160,,,,,,,,,,,,,,,
"$R_{x,z}$",,,,,,4.877979564747224e-22,,,,,,,,,,,,,,,
"$R_{y,z}$",,,1e+160,,2.05002908832772e+21,,1.096348187733297e+60,,,,,2.777668938690886e-109,,,,,,,,,
"$R_{x,y,z}$",,,,,,9.121189884643335e-61,,,,7.678267108091669e-119,,,,,,,,,,,
"$R_{x,y,z}HF_{x}$",,,,,,,,,1.233927307770912e-25,0.1905213031908297,,,,,,,,,,,
"$R_{x,y,z}HF_{y}$",,,,,,,,8.104205115668431e+24,,7.613388710399151e-05,,,,,,,,,,,
"$R_{x,y,z}HF_{z}$",,,,,,,1.3023771977744295e+118,5.248756875226606,13134.755600145529,,,1.4820541060062995e-20,,,,,,,,,
"$R_{x,y,z}HF_{x,z}$",,,,,,3.6001410609836734e+108,,,,6.7473919875618185e+19,,,15.269024726760202,408079894201.5349,,,,,,,
"$R_{x,y,z}HF_{y,z}$",,,,,,,,,,,,0.06549206762678293,,,,,,,,,
"$R_{x,y,z}HF_{x,y,z}$",,,,,,,,,,,,2.450500537294637e-12,,,,,,,,,
$R_{x}$,,1e-160,1e-160,,,,,,,,,,,,,,,,,,
$R_{y}$,1e+160,,2.0238014200344902e-109,,,,,,,,,,,,,,,,,,
$R_{z}$,1e+160,4.941196256216471e+108,,,,1e-160,,,,,,,,,,,,,,,
"$R_{x,z}$",,,,,,2.0232291163117487e-33,,,,,,,,,,,,,,,
"$R_{y,z}$",,,1e+160,,4.94259395506799e+32,,1.5959044699738663e+48,,,,,,,1e-160,,,,,,,
"$R_{x,y,z}$",,,,,,6.266039219856158e-49,,,,5.82808768341909e-121,,,,,,,,,,,
"$R_{x,y,z}HF_{x}$",,,,,,,,,0.08346833762725067,6.806748069057086e-15,,,,,,,,,,,
"$R_{x,y,z}HF_{y}$",,,,,,,,11.980590825538627,,4.025469421500742e-24,,,,,,,,,,,
"$R_{x,y,z}HF_{z}$",,,,,,,1.7158286805550302e+120,146913032457586.8,2.4841823282989646e+23,,,4.05137433439906e-16,,,,,,,,,
"$R_{x,y,z}HF_{x,z}$",,,,,,,,,,2468298205646627.5,,,3.4238862089893982e+162,1.4534409770744703e-52,,,,,,,
"$R_{x,y,z}HF_{y,z}$",,,,,,,,,,,,2.920657810924044e-163,,,,,,,,,
"$R_{x,y,z}HF_{x,y,z}$",,,,,,1e+160,,,,,,6.880224348792133e+51,,,,,,,,,
$R_{x}$,,1e-160,1e-160,,,,,,,,,,,,,,,,,,
$R_{y}$,1e+160,,3.697792796968484e-25,,,,,,,,,,,,,,,,,,
$R_{z}$,1e+160,2.704315939010476e+24,,,,1.3831087230354623e-157,,,,,,,,,,,,,,,
"$R_{x,z}$",,,,,,1.555373708846204e-23,,,,,,,,,,,,,,,
"$R_{y,z}$",,,7.230089604274446e+156,,6.429323025794314e+22,,5.509402017894484e+27,,,1.0364680045546162e-157,,,,1.3649344768978803e-152,,,,,,,
"$R_{x,y,z}$",,,,,,1.8150790172000694e-28,,,,1.0804540861902406e-124,,,,,,,,,,,
"$R_{x,y,z}HF_{x}$",,,,,,,,,9.908066319259136e-13,1.6069062851608626e-68,,,,,,,,,,,
"$R_{x,y,z}HF_{y}$",,,,,,,,1009278670305.4425,,2.1303498716984545e-40,,,,,,,,,,,
"$R_{x,y,z}HF_{z}$",,,,,,9.648151178865507e+156,9.255367838221357e+123,6.223138270318564e+67,4.6940646383250395e+39,,,9.154814537094871e+17,,3.852923751342996e-12,,,,,,,
"$R_{x,y,z}HF_{x,z}$",,,,,,,,,,1.0923214183619425e-18,,,1.692312722890704e+151,4.646002013898723e-20,,,,,,,
"$R_{x,y,z}HF_{y,z}$",,,,,,,,,,,,5.9090733436776495e-152,,,,,,,,,
"$R_{x,y,z}HF_{x,y,z}$",,,,,,7.3263590078897e+151,,,,259543158530.30692,,2.152388218964295e+19,,,,,,,,,
$R_{x}$,,1e-160,1e-160,,,,,,,,,,,,,,,,,,
$R_{y}$,1e+160,,2.5799439280788072e-18,,,,,,,,,,,,,,,,,,
$R_{z}$,1e+160,3.8760532316865683e+17,,,5.235806902045545e-140,,,,,,,,,,,,,,,,
"$R_{x,z}$",,,1.90992528698741e+139,,,1.145076826824657e+16,1.0510558816292675e+35,,,,,,,1e-160,,,,,,,
"$R_{y,z}$",,,,,8.733038487671079e-17,,,,,,,,,,,,,,,,
"$R_{x,y,z}$",,,,,9.514241987304001e-36,,,,,1e-160,,,,,,,,,,,
"$R_{x,y,z}HF_{x}$",,,,,,,,,2.6960153808361445e-101,4.801685903571875e-86,,,,,,,,,,,
"$R_{x,y,z}HF_{y}$",,,,,,,,3.709177651983051e+100,,2.3371305394256754e-10,,,,,,,,,,,
"$R_{x,y,z}HF_{z}$",,,,,,,1e+160,2.0826018612673534e+85,4278751157.1593223,,,2.706653675614323e-17,,,,,,,,,
"$R_{x,y,z}HF_{x,z}$",,,,,,,,,,3.694599013569892e+16,,,1.851377895407154e+65,2.020787593851246e-62,,,,,,,
"$R_{x,y,z}HF_{y,z}$",,,,,,,,,,,,5.401382410802093e-66,,,,,,,,,
"$R_{x,y,z}HF_{x,y,z}$",,,,,1e+160,,,,,,,4.948565613935632e+61,,,,,,,,,
$R_{x}$,,1e-160,1e-160,,,,,,,,,,,,,,,,,,
$R_{y}$,1e+160,,2.6005685140582217e-30,,,,,,,,,,,,,,,,,,
$R_{z}$,1e+160,3.845313032877902e+29,,,1e-160,,,,,,,,,,,,,,,,
"$R_{x,z}$",,,1e+160,,,1103996.1760844276,5.894663949525649e+26,,,,,,4.1190518168016604e-147,,,,,,,,
"$R_{y,z}$",,,,,9.058002388619917e-07,,,,,,,,,,,,,,,,
"$R_{x,y,z}$",,,,,1.6964495492240424e-27,,,,,9.236350957394053e-147,,,,,,,,,,,
"$R_{x,y,z}HF_{x}$",,,,,,,,,4.2608038351050884e-44,3.0487028795182444e-38,,,,,,,,,,,
"$R_{x,y,z}HF_{y}$",,,,,,,,2.3469749810139664e+43,,1.7520062058155372e-39,,,,,,,,,,,
"$R_{x,y,z}HF_{z}$",,,,,,,1.0826786515723092e+146,3.2800834962245317e+37,5.707742339499947e+38,,,,7.014921241700606e-14,,,,,,,,
"$R_{x,y,z}HF_{x,z}$",,,,,,,,,,,,,1.6304572395702458e-11,,,,,,,,
"$R_{x,y,z}HF_{y,z}$",,,,,2.4277431906075773e+146,,,,,14255327544597.963,,61332488563.97969,,3.8282824598532234e+18,,,,,,,
"$R_{x,y,z}HF_{x,y,z}$",,,,,,,,,,,,,2.612137454555378e-19,,,,,,,,
$R_{x}$,,1e-160,1e-160,,,,,,,,,,,,,,,,,,
$R_{y}$,1e+160,,9.927289892162007e+87,,,9.048987764375466e-155,,,,,,,,,,,,,,,
$R_{z}$,1e+160,1.0073242655979454e-88,,,,,,,,,,,,,,,,,,,
"$R_{x,y}$",,,,,,1.4514225264368072e-58,,,,,,,,,,,,,,,
"$R_{y,z}$",,1.1050959798363889e+154,,6.88979247452474e+57,,,3.3106652565956964e-47,,,,,,,,,,,,,,
"$R_{x,y,z}$",,,,,,3.0205409562556735e+46,,,,3.183774815111506e-144,,,,,,,,,,,
"$R_{x,y,z}HF_{x}$",,,,,,,,,7.607996743559504e-24,4.3196035063578734e-133,,,,,,,,,,,
"$R_{x,y,z}HF_{y}$",,,,,,,,1.3144064511417451e+23,,6.520345709889146e-13,,,,,,,,,,,
"$R_{x,y,z}HF_{z}$",,,,,,,3.1409256560909657e+143,2.3150272901856268e+132,1533661011997.1711,,,,7.378236296885244e-51,,,,,,,,
"$R_{x,y,z}HF_{x,z}$",,,,,,,,,,,,,2.1984225171353466e-11,,,,,,,,
"$R_{x,y,z}HF_{y,z}$",,,,,,,,,,1.355337454321102e+50,,45487161462.62228,,2.617842738338435e-07,,,,,,,
"$R_{x,y,z}HF_{x,y,z}$",,,,,,,,,,,,,3819939.163475908,,,,,,,,
$R_{x}$,,1e-160,1e-160,,,,,,,,,,,,,,,,,,
$R_{y}$,1e+160,,7.272305191916085e-77,,,,,,,,,,,,,,,,,,
$R_{z}$,1e+160,1.3750798042848956e+76,,,,1e-160,,,,,,,,,,,,,,,
"$R_{x,z}$",,,,,,0.3439311545904405,,,,,,,,,,,,,,,
"$R_{y,z}$",,,1e+160,,2.9075586397249134,,2.378969502451181e+89,,,,8.324445344098278e-140,,,3.6262101216260404e-132,,,,,,,
"$R_{x,y,z}$",,,,,,4.203500713101391e-90,,,1.186127057197573e-146,,,,,,,,,,,,
"$R_{x,y,z}HF_{x}$",,,,,,,,,1.776159093416555e-23,1.7666271237156002e-22,,,,,,,,,,,
"$R_{x,y,z}HF_{y}$",,,,,,,8.43080000520914e+145,5.630126286021126e+22,,1.341260875383048e+20,2.922536369151609e-16,,,,,,,,,,
"$R_{x,y,z}HF_{z}$",,,,,,,,5.660504056434858e+21,7.455671140145738e-21,,,,,,,,,,,,
"$R_{x,y,z}HF_{x,y}$",,,,,,1.2012812369642894e+139,,,3421685391344822.5,,,,2562506.878855612,7.410745911258754e-14,,,,,,,
"$R_{x,y,z}HF_{y,z}$",,,,,,,,,,,3.902428548588284e-07,,,,,,,,,,
"$R_{x,y,z}HF_{x,y,z}$",,,,,,2.757700095855413e+131,,,,,13493918317733.076,,,,,,,,,,
$R_{x}$,,1e-160,1e-160,,,,,,,,,,,,,,,,,,
$R_{y}$,1e+160,,0.2759805129066171,,,,,,,,,,,,,,,,,,
$R_{z}$,1e+160,3.623444240566245,,,,3.82129398895968e-124,,,,,,,,,,,,,,,
"$R_{x,z}$",,,,,,2.0924941680461025e-11,,,,,,,,,,,,,,,
"$R_{y,z}$",,,2.6169145919920255e+123,,47789858402.98733,,3.421967828496479e+36,,,8.112407698531323e-151,,,,,,,,,,,
"$R_{x,y,z}$",,,,,,2.9222951533105824e-37,,,,4.4426271710828516e-151,,,,,,,,,,,
"$R_{x,y,z}HF_{x}$",,,,,,,,,7.22667177314733e+29,1.6883384989505253e-18,,,,,,,,,,,
"$R_{x,y,z}HF_{y}$",,,,,,,,1.3837628598489457e-30,,1.4798616691782443e-17,,,,,,,,,,,
"$R_{x,y,z}HF_{z}$",,,,,,1.2326796644860944e+150,2.2509203709665754e+150,5.922982865234679e+17,6.7573883480291256e+16,,,8.578961395333021e+17,,,,,,,,,
"$R_{x,y,z}HF_{x,z}$",,,,,,,,,,1.165642265908788e-18,,,2.594253045891248e+181,7.45259948237054e+16,,,,,,,
"$R_{x,y,z}HF_{y,z}$",,,,,,,,,,,,3.8546740904237924e-182,,,,,,,,,
"$R_{x,y,z}HF_{x,y,z}$",,,,,,,,,,,,1.34181368845266e-17,,,,,,,,,
$R_{x}$,,1e-160,1e-160,,,,,,,,,,,,,,,,,,
$R_{y}$,1e+160,,1.860718078036969e+284,,,1e-160,,,,,,,,,,,,,,,
$R_{z}$,1e+160,5.37426927702549e-285,,,,,,,,,,,,,,,,,,,
"$R_{x,y}$",,,,,,1.704152844678664e-70,,,,,,,,,,,,,,,
"$R_{y,z}$",,1e+160,,5.868018253894125e+69,,,7.199241092066367e-51,,,,,,,,,,,,,,
"$R_{x,y,z}$",,,,,,1.3890352985983615e+50,,,,1e-160,,,,,,,,,,,
"$R_{x,y,z}HF_{x}$",,,,,,,,,451048340219.9365,1.6465141911108222e-56,,,,,,,,,,,
"$R_{x,y,z}HF_{y}$",,,,,,,,2.2170572659958978e-12,,3.7785073520222343e-07,,,,,,,,,,,
"$R_{x,y,z}HF_{z}$",,,,,,,1e+160,6.073436872872315e+55,2646547.715369155,,,22194.767245243554,,159.97630516500172,,,,,,,
"$R_{x,y,z}HF_{x,z}$",,,,,,,,,,4.5055665101164994e-05,,,9.902836585907195e+28,2.233098677930529e-32,,,,,,,
"$R_{x,y,z}HF_{y,z}$",,,,,,,,,,,,1.0098116749933124e-29,,,,,,,,,
"$R_{x,y,z}HF_{x,y,z}$",,,,,,,,,,0.006250925716584006,,4.478082450555773e+31,,,,,,,,,
$R_{x}$,,1e-160,1e-160,,,,,,,,,,,,,,,,,,
$R_{y}$,1e+160,,3.033282368732369e+40,,,1e-160,,,,,,,,,,,,,,,
$R_{z}$,1e+160,3.296758687249771e-41,,,,,,,,,,,,,,,,,,,
"$R_{x,y}$",,,,,,9.79473800019069e-62,,,,,,,,,,,,,,,
"$R_{y,z}$",,1e+160,,1.0209563543001674e+61,,,1.0767746038188086,,,3.7498953482526376e-134,,1e-160,,1.9958323520261274e-97,,,,,,,
"$R_{x,y,z}$",,,,,,0.9286994664003724,,,,1.69784718135377e-160,,,,,,,,,,,
"$R_{x,y,z}HF_{x}$",,,,,,,,,1.0513974383903298e+19,2.187670302519937e-36,,,,,,,,,,,
"$R_{x,y,z}HF_{y}$",,,,,,,,9.511151192559321e-20,,5.262357212054223e-21,,,,,,,,,,,
"$R_{x,y,z}HF_{z}$",,,,,,2.666741087763893e+133,5.8898115860030165e+159,4.571072701622902e+35,1.9002890904276684e+20,,,3.032833845962361e-12,,1.2311438612644514e-08,,,,,,,
"$R_{x,y,z}HF_{x,z}$",,,,,,1e+160,,,,329724624160.10986,,,2355.9037939401696,534.8221125183567,,,,,,,
"$R_{x,y,z}HF_{y,z}$",,,,,,,,,,,,0.0004244655501520008,,,,,,,,,
"$R_{x,y,z}HF_{x,y,z}$",,,,,,5.010440876884378e+96,,,,81225276.05936693,,0.0018697805804835286,,,,,,,,,
$R_{x}$,,1e-160,1e-160,,,,,,,,,,,,,,,,,,
$R_{y}$,1e+160,,1.873408884257777e-32,,,,,,,,,,,,,,,,,,
$R_{z}$,1e+160,5.337863017534415e+31,,,1.8023765639240903e-112,,,,,,,,,,,,,,,,
"$R_{x,z}$",,,5.548230153541413e+111,,,2.617910225655853e+47,6.038479079103778e+19,,,1.7201449653963973e-153,,,,1e-160,,,,,,,
"$R_{y,z}$",,,,,3.819840688958211e-48,,,,,,,,,,,,,,,,
"$R_{x,y,z}$",,,,,1.6560461448984907e-20,,,,,1.957231837842137e-82,,,,,,,,,,,
"$R_{x,y,z}HF_{x}$",,,,,,,,,3528.703618459605,3.916419726147999e-40,,,,,,,,,,,
"$R_{x,y,z}HF_{y}$",,,,,,,,0.0002833901931487612,,2.1239606229092665e-43,,,,,,,,,,,
"$R_{x,y,z}HF_{z}$",,,,,5.813463516835372e+152,,5.109256760826595e+81,2.5533524747705008e+39,4.708185214047252e+42,,,,2.2033130623743217e+36,5.285150442704276e-53,,,,,,,
"$R_{x,y,z}HF_{x,z}$",,,,,,,,,,,,,1.0843498640465668e-21,,,,,,,,
"$R_{x,y,z}HF_{y,z}$",,,,,,,,,,4.538619668157305e-37,,9.222115787133585e+20,,3.3604185643968087e-07,,,,,,,
"$R_{x,y,z}HF_{x,y,z}$",,,,,1e+160,,,,,1.8920937272096376e+52,,,2975819.770176454,,,,,,,,
$R_{x}$,,1e-160,1e-160,,,,,,,,,,,,,,,,,,
$R_{y}$,1e+160,,1.1624099076184393e+58,,,1e-160,,,,,,,,,,,,,,,
$R_{z}$,1e+160,8.602817245844137e-59,,,,,,,,,,,,,,,,,,,
"$R_{x,y}$",,,,,,3.7835091375260493e-42,,,,,,,,,,,,,,,
"$R_{y,z}$",,1e+160,,2.6430489887857843e+41,,,9.084422860530702e+47,,,6.8948561456383966e-105,,,,9.397493229781796e-142,,,,,,,
"$R_{x,y,z}$",,,,,,1.1007853942430649e-48,,,,9.749976496526614e-109,,,,,,,,,,,
"$R_{x,y,z}HF_{x}$",,,,,,,,,3.0254228646151513e-21,5.589045734393831e-74,,,,,,,,,,,
"$R_{x,y,z}HF_{y}$",,,,,,,,3.3053230730019124e+20,,6.758261146344585e-36,,,,,,,,,,,
"$R_{x,y,z}HF_{z}$",,,,,,1.450356583048637e+104,1.0256434980702216e+108,1.789214201354995e+73,1.479670551856199e+35,,,90517.82489600536,,1.1447816798613642e-38,,,,,,,
"$R_{x,y,z}HF_{x,z}$",,,,,,,,,,1.1047547829931681e-05,,,273616601966.8683,4.4258398192932415e-62,,,,,,,
"$R_{x,y,z}HF_{y,z}$",,,,,,,,,,,,3.6547489911488926e-12,,,,,,,,,
"$R_{x,y,z}HF_{x,y,z}$",,,,,,1.0641135625731325e+141,,,,8.735290034699912e+37,,2.259458183824848e+61,,,,,,,,,
$R_{x}$,,1e-160,1e-160,,,,,,,,,,,,,,,,,,
$R_{y}$,1e+160,,inf,,,1.5279558864811138e-151,,,,,,,,,,,,,,,
$R_{z}$,1e+160,0.0,,,,,,,,,,,,,,,,,,,
"$R_{x,y}$",,,,,,3.227638776233332e-48,,,,,,,,,,,,,,,
"$R_{y,z}$",,6.5446915637270295e+150,,3.0982401356790126e+47,,,2.697678240912469e-85,,,,,,,,,,,,,,
"$R_{x,y,z}$",,,,,,3.706891299467047e+84,,,,1.0061337828112389e-140,,,,,,,,,,,
"$R_{x,y,z}HF_{x}$",,,,,,,,,9.787574088393435e-21,3.4797611421626656e-13,,,,,,,,,,,
"$R_{x,y,z}HF_{y}$",,,,,,,,1.0217036325536958e+20,,0.0010571771353104385,,,,,,,,,,,
"$R_{x,y,z}HF_{z}$",,,,,,,9.9390361111412e+139,2873760465577.536,945.915274365399,,,,4.85209626496281e-21,,,,,,,,
"$R_{x,y,z}HF_{x,z}$",,,,,,,,,,,,,4.152145392831878e-05,,,,,,,,
"$R_{x,y,z}HF_{y,z}$",,,,,,,,,,2.0609648807280306e+20,,24083.93505984559,,4.433065875569218e-06,,,,,,,
"$R_{x,y,z}HF_{x,y,z}$",,,,,,,,,,,,,225577.51859972015,,,,,,,,
$R_{x}$,,1e-160,1e-160,,,,,,,,,,,,,,,,,,
$R_{y}$,1e+160,,1.0978710988416228e+25,,,1e-160,,,,,,,,,,,,,,,
$R_{z}$,1e+160,9.108537432628586e-26,,,,,,,,,,,,,,,,,,,
"$R_{x,y}$",,,,,,1.1312267472549056e-61,,,,,,,,,,,,,,,
"$R_{y,z}$",,1e+160,,8.839960710146332e+60,,,79.81657353504458,,,,,,,2.2489608692454623e-94,,,,,,,
"$R_{x,y,z}$",,,,,,0.01252872624957943,,,,3.129428509585527e-137,,,,,,,,,,,
"$R_{x,y,z}HF_{x}$",,,,,,,,,3.2788378152687764e-56,4.97236673123263e-16,,,,,,,,,,,
"$R_{x,y,z}HF_{y}$",,,,,,,,3.04986112866954e+55,,5.580740024954483e-06,,,,,,,,,,,
"$R_{x,y,z}HF_{z}$",,,,,,,3.195471623451285e+136,2011114734797736.8,179187.7054886025,,,4.037266350789879e-10,,,,,,,,,
"$R_{x,y,z}HF_{x,z}$",,,,,,,,,,2476923524.7616324,,,2.9799349529256625,5.767926859004458e-28,,,,,,,
"$R_{x,y,z}HF_{y,z}$",,,,,,,,,,,,0.33557779474958427,,,,,,,,,
"$R_{x,y,z}HF_{x,y,z}$",,,,,,4.44649799680821e+93,,,,,,1.7337251744773333e+27,,,,,,,,,
$R_{x}$,,1e-160,1e-160,,,,,,,,,,,,,,,,,,
$R_{y}$,1e+160,,9.600943489272092e-21,,,,,,,,,,,,,,,,,,
$R_{z}$,1e+160,1.0415643015890892e+20,,,,1e-160,,,,,,,,,,,,,,,
"$R_{x,z}$",,,,,,2.6180843129990415e-46,,,,,,,,,,,,,,,
"$R_{y,z}$",,,1e+160,,3.81958669182235e+45,,1.2838165299690762e+43,,,,,,,5.374400505468073e-151,,,,,,,
"$R_{x,y,z}$",,,,,,7.789274998851179e-44,,,5.986554343529348e-129,,,,,,,,,,,,
"$R_{x,y,z}HF_{x}$",,,,,,,,,8.15697119277878e-27,4.4861880106011357e-14,,,,,,,,,,,
"$R_{x,y,z}HF_{y}$",,,,,,,1.6704099597473197e+128,1.225945239190353e+26,,48813781.5121859,2.5291140570183787e-11,,,,,,,,,,
"$R_{x,y,z}HF_{z}$",,,,,,,,22290639572771.785,2.0486017862606268e-08,,,,,,,,,,,,
"$R_{x,y,z}HF_{x,y}$",,,,,,,,,39539537460.754906,,,,2.4925503910759086e+55,2.391324673233811e-41,,,,,,,
"$R_{x,y,z}HF_{y,z}$",,,,,,,,,,,4.0119549983033653e-56,,,,,,,,,,
"$R_{x,y,z}HF_{x,y,z}$",,,,,,1.8606726442932018e+150,,,,,4.1817826378535653e+40,,,,,,,,,,
$R_{x}$,,1e-160,1e-160,,,,,,,,,,,,,,,,,,
$R_{y}$,1e+160,,1.1406452019684221e+28,,,1e-160,,,,,,,,,,,,,,,
$R_{z}$,1e+160,8.766968013141077e-29,,,,,,,,,,,,,,,,,,,
"$R_{x,y}$",,,,,,1.1842267262130824e-19,,,,,,,,,,,,,,,
"$R_{y,z}$",,1e+160,,8.444328926757107e+18,,,2.4351957663545212e+23,,,,,,5.203715392192947e-143,1.8977673952039608e-143,,,,,,,
"$R_{x,y,z}$",,,,,,4.106446035330442e-24,,,,1.818827546236654e-113,,,,,,,,,,,
"$R_{x,y,z}HF_{x}$",,,,,,,,,1.9176253466342371e-10,9.430912493102155e-63,,,,,,,,,,,
"$R_{x,y,z}HF_{y}$",,,,,,,,5214782969.755652,,1.6722703618200844e-14,,,,,,,,,,,
"$R_{x,y,z}HF_{z}$",,,,,,,5.498047366112886e+112,1.0603427830884954e+62,59798942971853.47,,,,1.0452309904311948e-06,,,,,,,,
"$R_{x,y,z}HF_{x,z}$",,,,,,,,,,,,,0.014362848213360755,,,,,,,,
"$R_{x,y,z}HF_{y,z}$",,,,,,1.921703868548008e+142,,,,956726.3209326243,,69.62407352253224,,27872673.97835158,,,,,,,
"$R_{x,y,z}HF_{x,y,z}$",,,,,,5.269349671235794e+142,,,,,,,3.587743324435573e-08,,,,,,,,
$R_{x}$,,1e-160,1e-160,,,,,,,,,,,,,,,,,,
$R_{y}$,1e+160,,1.548040318394253e+103,,,1e-160,,,,,,,,,,,,,,,
$R_{z}$,1e+160,6.459780072377425e-104,,,,,,,,,,,,,,,,,,,
"$R_{x,y}$",,,,,,0.00024397377711205128,,,,,,,,,,,,,,,
"$R_{y,z}$",,1e+160,,4098.801157391288,,,69.91949352791171,,,,,1.0196469321619418e-130,,4.0226982863449666e-105,,,,,,,
"$R_{x,y,z}$",,,,,,0.014302163095629435,,1e-160,,,,,,,,,,,,,
"$R_{x,y,z}HF_{x}$",,,,,,,1e+160,,33993383.26151356,1.0887191150800993e+20,,5.37237574558846e-114,,,,,,,,,
"$R_{x,y,z}HF_{y}$",,,,,,,,2.9417489642232065e-08,,1.7266364884076433e-23,,,,,,,,,,,
"$R_{x,y,z}HF_{z}$",,,,,,,,9.185105562571371e-21,5.791607015801168e+22,,,,,,,,,,,,
"$R_{x,y,z}HF_{x,y}$",,,,,,,,,,,,7.143078019273339e-07,,,,,,,,,
"$R_{x,y,z}HF_{x,z}$",,,,,,9.80731632154e+129,,1.861373901148207e+113,,,1399956.7095610828,,,5849273160467.366,,,,,,,
"$R_{x,y,z}HF_{x,y,z}$",,,,,,2.485893618704878e+104,,,,,,1.7096141222443755e-13,,,,,,,,,
$R_{x}$,,1e-160,1e-160,,,,,,,,,,,,,,,,,,
$R_{y}$,1e+160,,2.1244050131249016e-50,,,,,,,,,,,,,,,,,,
$R_{z}$,1e+160,4.7072003399627e+49,,,1e-160,,,,,,,,,,,,,,,,
"$R_{x,z}$",,,1e+160,,,1.5013884108042965e+55,1.0139530569684755e+25,,,,,,,1.151671453922717e-129,,,,,,,
"$R_{y,z}$",,,,,6.660501658357002e-56,,,,,,,,,,,,,,,,
"$R_{x,y,z}$",,,,,9.86238951722092e-26,,,,,1e-160,,,,,,,,,,,
"$R_{x,y,z}HF_{x}$",,,,,,,,,1.1397010871742355e-76,7.219039262173887e-35,,,,,,,,,,,
"$R_{x,y,z}HF_{y}$",,,,,,,,8.774230464931739e+75,,1.4817990411556978e-37,,,,,,,,,,,
"$R_{x,y,z}HF_{z}$",,,,,,,1e+160,1.3852258779638047e+34,6.748553428810907e+36,,,,2.613704939305722e-11,,,,,,,,
"$R_{x,y,z}HF_{x,z}$",,,,,,,,,,,,,8.912034554488129e-11,,,,,,,,
"$R_{x,y,z}HF_{y,z}$",,,,,,,,,,38259865716.3509,,11220782346.455297,,1.0976683779631983e-27,,,,,,,
"$R_{x,y,z}HF_{x,y,z}$",,,,,8.68303192367834e+128,,,,,,,,9.110219626218723e+26,,,,,,,,
$R_{x}$,,1e-160,1e-160,,,,,,,,,,,,,,,,,,
$R_{y}$,1e+160,,1.1192886795770394e-49,,,,,,,,,,,,,,,,,,
$R_{z}$,1e+160,8.934245635164321e+48,,,,1e-160,,,,,,,,,,,,,,,
"$R_{x,z}$",,,,,,0.038513855041333485,,,,,,,,,,,,,,,
"$R_{y,z}$",,,1e+160,,25.96468203265524,,5.4760071965052756e-17,,,,,,,,,,,,,,
"$R_{x,y,z}$",,,,,,1.8261480748933064e+16,,,,4.980080835897056e-126,,,,,,,,,,,
"$R_{x,y,z}HF_{x}$",,,,,,,,,9.463345541958784e+19,1.4965345997033249e-22,,,,,,,,,,,
"$R_{x,y,z}HF_{y}$",,,,,,,,1.0567087459357567e-20,,4.008275077098034e-31,,,,,,,,,,,
"$R_{x,y,z}HF_{z}$",,,,,,,2.007999534449065e+125,6.682104110377678e+21,2.4948387542403746e+30,,,1.7676817529721967e+19,,,,,,,,,
"$R_{x,y,z}HF_{x,z}$",,,,,,,,,,5.657126902614628e-20,,,48.58677291871338,4942632.69563708,,,,,,,
"$R_{x,y,z}HF_{y,z}$",,,,,,,,,,,,0.020581733256353936,,,,,,,,,
"$R_{x,y,z}HF_{x,y,z}$",,,,,,,,,,,,2.0232132581543268e-07,,,,,,,,,
$R_{x}$,,1e-160,1e-160,,,,,,,,,,,,,,,,,,
$R_{y}$,1e+160,,3.944651342974388e-23,,,,,,,,,,,,,,,,,,
$R_{z}$,1e+160,2.5350782947675404e+22,,,1e-160,,,,,,,,,,,,,,,,
"$R_{x,z}$",,,1e+160,,,811.4148036395219,2.1735100136756432e-08,,,,,,,,,,,,,,
"$R_{y,z}$",,,,,0.0012324152770131845,,,,,,,,,,,,,,,,
"$R_{x,y,z}$",,,,,46008529.691974625,,,,4.225238566190604e-150,,,,,,,,,,,,
"$R_{x,y,z}HF_{x}$",,,,,,,,,1e-160,4.9881603687206484e-17,,,,,,,,,,,
"$R_{x,y,z}HF_{y}$",,,,,,,2.366730267023907e+149,1e+160,,2.698696754794693e+21,,,3.445683127752192e+38,1e-160,,,,,,,
"$R_{x,y,z}HF_{z}$",,,,,,,,2.004747093278554e+16,3.705492283352438e-22,,,,,,,,,,,,
"$R_{x,y,z}HF_{x,y}$",,,,,,,,,,,,,1.2049373381378251e-113,,,,,,,,
"$R_{x,y,z}HF_{y,z}$",,,,,,,,,2.9021821302887905e-39,,8.299186757258711e+112,,,1.2603320185054096e-13,,,,,,,
"$R_{x,y,z}HF_{x,y,z}$",,,,,,,,,1e+160,,,,7934417164025.32,,,,,,,,
$R_{x}$,,1e-160,1e-160,,,,,,,,,,,,,,,,,,
$R_{y}$,1e+160,,1.9696958714356834e-20,,,,,,,,,,,,,,,,,,
$R_{z}$,1e+160,5.076925907709367e+19,,,,1e-160,,,,,,,,,,,,,,,
"$R_{x,z}$",,,,,,2.2774783240625987e-08,,,,,,,,,,,,,,,
"$R_{y,z}$",,,1e+160,,43908211.52651787,,1002565957.5690124,,,,,,,6.31750901739181e-136,,,,,,,
"$R_{x,y,z}$",,,,,,9.974406097178541e-10,,,,4.579106784653791e-111,,,,,,,,,,,
"$R_{x,y,z}HF_{x}$",,,,,,,,,2.144560551004595e-114,1.605023064460826e-20,,,,,,,,,,,
"$R_{x,y,z}HF_{y}$",,,,,,,,4.662959968799022e+113,,1.250215675887553e-38,,,,,,,,,,,
"$R_{x,y,z}HF_{z}$",,,,,,,2.1838320157794842e+110,6.2304400612207346e+19,7.998619912440948e+37,,,,5.681163057858112e-35,,,,,,,,
"$R_{x,y,z}HF_{x,z}$",,,,,,,,,,,,,1.623338942679891e-12,,,,,,,,
"$R_{x,y,z}HF_{y,z}$",,,,,,,,,,1.7602029545989052e+34,,616014298498.3461,,1.2769160693206962e-06,,,,,,,
"$R_{x,y,z}HF_{x,y,z}$",,,,,,1.5829023706132375e+135,,,,,,,783136.8278824997,,,,,,,,
